cd315d898c8764ed559da66c2824d8799cdec93f87599a708d1201875d221bed	Assets/audio/ambience/artillery-distant-01.mp3
90c5b634b02ea87cc38ea43c21716953003639c74645b694f9f28e577f28dd49	Assets/audio/carbine.mp3
c92d23be5abe19bf67613a385b452b7c6193cec9113058b3a1c5cd279eeb4a5c	Assets/audio/combat/flesh/hit-01.mp3
eef8afe18828daffb4b43a0fa0313cc59ce46ba930ea432acbe2a92aecb4e001	Assets/audio/combat/flesh/hit-02.mp3
21fe93212b498574a20c806f7b4391d86666e997db32699e4503616a5d5d3a26	Assets/audio/combat/flesh/hit-03.mp3
d25b89b8acaf48e47b4992b59d812808221f444619f5a300fff21c0239dda383	Assets/audio/combat/flesh/hit-04.mp3
fd7a7d42642302a5e479fec04774866bebc70addee3d934df2232f5b4c5273fa	Assets/audio/combat/flesh/hit-05.mp3
58206d5f540bb043d42982e1eb89c25c5487bb564be77edaba2773336295af0e	Assets/audio/combat/flesh/hit-06.mp3
a4196173b9f0c0c1a88ffb4d1526f821918c00b0741548d7d833ed95641b70f2	Assets/audio/combat/flyby/crack-01.mp3
41beda7b364dd92b7fb8f075067efc749570551a86b281c2772c8dcd6bd8683c	Assets/audio/combat/flyby/crack-02.mp3
9a50fe5e1c1ddc01dbf429080ce6a21fcffd09f29944543eae4c1c24cb15be2d	Assets/audio/combat/flyby/crack-03.mp3
a78da02aa9f926ca274429c6bf402d1aed520bd057b1274a88711c81e443b1f3	Assets/audio/combat/flyby/crack-04.mp3
eeffdccb492efc60b5989b9811dbcf735423f7621edecf81e63bb345b3985b3c	Assets/audio/combat/flyby/crack-05.mp3
85208fe87f28137713e430e1b4bcbb172672797a1596062d57c208c093c03504	Assets/audio/combat/flyby/crack-06.mp3
4b11f124c2a88c8f8abea47bca3267ccd92d74dede54193309244fae1e6c2214	Assets/audio/combat/flyby/whiz-01.mp3
2e49bc4c882048876c38755ac7a75d2331e73ff33ccea4f24895814835710dfa	Assets/audio/combat/flyby/whiz-02.mp3
7c9553a2188fea3f94a28e70342a9099982ed342d38b74e5e32d4ae3d9705888	Assets/audio/combat/flyby/whiz-03.mp3
9e76d045dc2d99650f39a5c70ca100f1af9293b799cbf33dcd8bd71ed1b7cd6e	Assets/audio/combat/flyby/whiz-04.mp3
148628b37906bc7551c27800f2db00ace69cd814e4824f3e27a6d8d3e36963b7	Assets/audio/combat/flyby/whiz-05.mp3
c7ed2ffabe37908413ccd9a99e220d90fc3b92ee8ed28738c35a7e0c5cc16d77	Assets/audio/combat/flyby/whiz-06.mp3
5e2a876bed9dfcf928290c50159848c8a065f0c1cdcd3a6b9cdf7807c35653db	Assets/audio/combat/impacts/dirt-01.mp3
e9071408f02ee3f256513e87b1f84c271f1795401ea7ff0b005c0f9b482408d0	Assets/audio/combat/impacts/dirt-02.mp3
431ea128cb185c1e621d19c9216b083527e0ad744fb3e63ee4305663290b6fd3	Assets/audio/combat/impacts/dirt-03.mp3
a99a2805a3c5753b7be485a8c5739300f343efd320fbb84c4ea45a0dc035f4a7	Assets/audio/combat/impacts/dirt-04.mp3
0373624aad22c0068713423f32ea6b81e1bd1b5c0cfc023aebec57daf4aa4c80	Assets/audio/combat/impacts/masonry-01.mp3
be8253b99e00a98d15e6b33d4d273a4bc88c244b54f048a36fcd17f696ea9e09	Assets/audio/combat/impacts/masonry-02.mp3
71a1674d51fbe94c0483379ce611584f8a17753ea26aa4489faed24d10c0dee4	Assets/audio/combat/impacts/masonry-03.mp3
8587fff5687c912d0f777a88c2cf5ff8ebf35bcb18b0c8e5f68b1e9f4c873e10	Assets/audio/combat/impacts/masonry-04.mp3
9a0a3cdad5d06427ddfe39becf64a1b300f76053fa819aaf73f2eb806ac652d8	Assets/audio/combat/impacts/metal-01.mp3
26b4bc9191d70e7a176d6138bd4973b4c64bdd8ca6827a96594c6d7c25546a10	Assets/audio/combat/impacts/metal-02.mp3
bef38607efac484b4bb00031db8b891c01fc3037a78e33f3ae4e59559020f41d	Assets/audio/combat/impacts/metal-03.mp3
ecb3de5b78d9c77c37a21fd9f38b77cb3897d7a3ffd274c1bcec4d4988f1c2ce	Assets/audio/combat/impacts/metal-04.mp3
74c207316face86d9bb180f0b2da419bf9cc8b951aa0f4679e214fafe13677be	Assets/audio/combat/impacts/vegetation-01.mp3
f5dafad52061c0fe3475be438eae854c3372f5f5fec6d03c08d6c19ab82f2600	Assets/audio/combat/impacts/vegetation-02.mp3
c53b5cf43de5bc275f18bb9076772cdeab44f1705d280398e440c2a0f90e3fba	Assets/audio/combat/impacts/vegetation-03.mp3
cd09703cd27007a3f90c3000ae6d458d89d827f2dee489f73c00a88bc1dd746a	Assets/audio/combat/impacts/vegetation-04.mp3
a30447bf107309c297a382b953777cc1a63ddcd7e3c433dceb15737153a5e2c3	Assets/audio/combat/impacts/wood-01.mp3
a38e05ae71d17d6125b6ceae87242551fa912fdaca40ec33e6d261bde3a1e1b4	Assets/audio/combat/impacts/wood-02.mp3
17e22dcf8044bd0d706ccdf98d411bf0e3e6d91fd2e8b5b36f2a438db39f99e6	Assets/audio/combat/impacts/wood-03.mp3
5cb0d42e87524fe686524ba9eee4b793e28c00b7b18fbdd32f7ace5813398f81	Assets/audio/combat/impacts/wood-04.mp3
9ca30b84957aa91e73b853e9a655f61137b0f438d46d74d19da637b03effc34b	Assets/audio/combat/pain/down-01.mp3
bc755ad0b2d9d67a97dd8c9690f66068eafb20e5810716580ab3b965d90916ee	Assets/audio/combat/pain/down-02.mp3
a6ddb82f34590019ccdf9a1f6e7876aeaf8fd764d5612fd5ffb56c5863bdd8e6	Assets/audio/combat/pain/down-03.mp3
5cd3ec2fe42ba2832af0463d458a80538a9b142e5377ed6fbbac6ee5d3e4c5ef	Assets/audio/combat/pain/down-04.mp3
77933975e34737c7c4317b438613e0c6248a9432224201a3cca1e968378385b1	Assets/audio/combat/pain/down-05.mp3
62f236285c98580cf0c68f90005aeb4e925843718f4b8d158a140b4eb801c7c7	Assets/audio/combat/pain/down-06.mp3
5feaf6a8b72dc5166dedf8dcb421777c8bd4808dbd1d884dd438f4ee93db106b	Assets/audio/combat/pain/wounded-01.mp3
03cbf947e91dca0a6bb8f676e790265cb70da6f7752d33c025dfba114a0a5691	Assets/audio/combat/pain/wounded-02.mp3
f28b93e68ce993a4c4c37d5156591ce26426acc8291fa1415bef51e121c7b651	Assets/audio/combat/pain/wounded-03.mp3
cc57e01357985ac648f597b7a3e2c50fa93aced7287aaf9602e5a7d485856860	Assets/audio/combat/pain/wounded-04.mp3
6da2bf07ada6ffdf871dc9aa600349dc714fae37d0df7fd264a22ba14761b1f5	Assets/audio/combat/pain/wounded-05.mp3
46d2bb7111374dfbd1722a08b91d85a17e9081e020f318e641e683364fa6c3a8	Assets/audio/combat/pain/wounded-06.mp3
b4890a31c50766eb288f3fb045c588889c1343e2b6623a3b08df7d1329d2b06c	Assets/audio/combat/pain/wounded-07.mp3
5745b3e2dff30a12814dbd7fca1e06123582e8df4d670561404e009951bf4702	Assets/audio/combat/pain/wounded-08.mp3
59c0c6457778fffb9427ff35918bf1a1dee4ebf7085bbbee31e5ff796e9dca4a	Assets/audio/combat/ricochet/whine-01.mp3
5cf9479be2c2ba65bf8395249728a5298eae043c03630d0da23ef1ac1effc8b1	Assets/audio/combat/ricochet/whine-02.mp3
2048e13fe84a7920c350ea73b301e485637e4ce370ed133b96c1d98e895f99fc	Assets/audio/combat/ricochet/whine-03.mp3
ca77423ffe57081d833b128faa5a266afe205e8cf32fe46f613007f5fb93f853	Assets/audio/combat/ricochet/whine-04.mp3
875fe44e67b1ecc4dbe204f5d83c216a163720e9d1d9a7b358d86fcd59fba8dc	Assets/audio/combat/ricochet/whine-05.mp3
149fb9b0b04a5446ea2a8dfcd6c9ea8b8294303bdf5e47d281a9ef1452c50ab1	Assets/audio/combat/ricochet/whine-06.mp3
cf1aa01863ec12a9b583fa31552d7f16f4a995af1857251269caf1f29946a396	Assets/audio/footsteps/001-pasture-grass/run-01.mp3
c75c831935287df3c72b86934270ad02168bd1335c051d81eadae728d25a0dcd	Assets/audio/footsteps/001-pasture-grass/run-02.mp3
8ed331d6946a15d204f35f514212dac3e83fba8737338c9f8d10b9d327783d10	Assets/audio/footsteps/001-pasture-grass/run-03.mp3
97801d7aad403b00c6b23c6f98dbd01817ce5af57ef456de2610d5ef47dba095	Assets/audio/footsteps/001-pasture-grass/run-04.mp3
87be788153bec91c4b622626397fca91846f5b52276c127f0cd929e8f2adae49	Assets/audio/footsteps/001-pasture-grass/run-05.mp3
1a4d02fb3e92d9119cc99d3b62cead01375cc4f7e336b0559f2c5605a50c7b72	Assets/audio/footsteps/001-pasture-grass/run-06.mp3
b487662236f965b342638ed4248fa24cf303e18fb0fa1ed8a4d26e7376137e2e	Assets/audio/footsteps/001-pasture-grass/walk-01.mp3
f612d559e5103a37ebe70f1f1d26654c0fb344ea6c3eeac1cdacb615bf91d1ac	Assets/audio/footsteps/001-pasture-grass/walk-02.mp3
d1d6c1dbd73543a071b2b78c123055fd197c8267a0459035a2f0b8c2fe9d25af	Assets/audio/footsteps/001-pasture-grass/walk-03.mp3
e9b980da6f79d16bb1a1a7f8bba6e6759f7a5a14032054388fddfb2797bf68ad	Assets/audio/footsteps/001-pasture-grass/walk-04.mp3
56ed9909c997524afb59eec50fdde1511a64015ca6d35a6ef8c25ecfb5e58153	Assets/audio/footsteps/001-pasture-grass/walk-05.mp3
db558751f310930cd751c5def168c44eeb5795ba2d36bb6e7bb8415e3186e497	Assets/audio/footsteps/001-pasture-grass/walk-06.mp3
4dc861fd9a444450a93d8e71e49f4255d59a6b39cf3a624303c5c9e7a7bb1527	Assets/audio/footsteps/004-cobbled-street/run-01.mp3
8d6f31e9fe42f346b812262bbf997d1668c699a9e6e4ec916efb1b9447be0f62	Assets/audio/footsteps/004-cobbled-street/run-02.mp3
1dbe59dab783f83cb78aa1cb116104c83c3ed9c869940141e13080b60408be24	Assets/audio/footsteps/004-cobbled-street/run-03.mp3
dfbaca7162c6e2843164e84376d758e3b66115fa7f0c0bcb570f4f0748352b23	Assets/audio/footsteps/004-cobbled-street/run-04.mp3
cd9e3f29c1f7c23282f212aba376bd2afbe12da676743f2a5ba1174b0042a89d	Assets/audio/footsteps/004-cobbled-street/run-05.mp3
419d497bf6eb8c048ae9001efc222d4fbd0b46138ad577950deb23f6ef52a55f	Assets/audio/footsteps/004-cobbled-street/run-06.mp3
260bc9a181c741e49f0e9edb0b37bcba58a4a6def5ac20a1932d9cc45431dd47	Assets/audio/footsteps/004-cobbled-street/walk-01.mp3
93bd57259b2329d6cda5f6d61330b3ec33e6299321c577d86091d0bbb6b2734f	Assets/audio/footsteps/004-cobbled-street/walk-02.mp3
cd189366ad897adda63077cf52ec27d8b8885c39d60718fbcf5bc57e2126f185	Assets/audio/footsteps/004-cobbled-street/walk-03.mp3
a496eaea68618b687e7ad8af3049dccc3dd71bfb734dc785cc8269764ed4bfec	Assets/audio/footsteps/004-cobbled-street/walk-04.mp3
929f72f03f98721fe4a2d5fd39790e556f1f9a7c26236caf41d31fe13bd3c106	Assets/audio/footsteps/004-cobbled-street/walk-05.mp3
b50529bbde7423c1c8dd98fb06a70a85752e71d737f03122184d89ee137cbfce	Assets/audio/footsteps/004-cobbled-street/walk-06.mp3
76e0a4c8d7a804d6c565fd2c418b2fc4fc7c152cb17d606389e9d645c25d22aa	Assets/audio/footsteps/009-rubble/run-01.mp3
68af4cd56778cacbc6da12c283621fc20b42025c80098f4181211a5d168a40d3	Assets/audio/footsteps/009-rubble/run-02.mp3
73958a8548d9099554ad387b6870881596fe2d6d12336cbe1f80009098f5ebb5	Assets/audio/footsteps/009-rubble/run-03.mp3
d52c83f48bd156f02837f2c705d414809a320173736378b57b0fcac8aed5a419	Assets/audio/footsteps/009-rubble/run-04.mp3
80856a49da4aca0ebf5afa386b6546ee052e31f5aa0c054054371a48f6d3498c	Assets/audio/footsteps/009-rubble/run-05.mp3
91da46e7f2029bcbfd58fa3bd2052d57e165418a1e0db89b2575e92622f7cddf	Assets/audio/footsteps/009-rubble/run-06.mp3
6097900c9dee42acdecda15119fb63fc95a4923d71c525c6edbbd45e126b4bcc	Assets/audio/footsteps/009-rubble/walk-01.mp3
03dff40964f72af7d559777cc1a33526d189cb73e0f57946862d7dff73e6348c	Assets/audio/footsteps/009-rubble/walk-02.mp3
3a6b41a59a7b372d6be7b6c83ce7afd84f31a8f6c80d2905781c7424c79472ca	Assets/audio/footsteps/009-rubble/walk-03.mp3
f4d57846668307dc081b0dc3f410a0caf52f94acd229c5f458506a67f4063bda	Assets/audio/footsteps/009-rubble/walk-04.mp3
6e6f06c6a46f93dfa68ae60c8996833316dffd123689e395f58f3c5faa2014a9	Assets/audio/footsteps/009-rubble/walk-05.mp3
2661f1d3bf850e9f9e74490b2c8def01c77b41f6acea2b2f3ee1c418f4f4f91a	Assets/audio/footsteps/009-rubble/walk-06.mp3
8f7318fc76027f3fed0324167ec12422a8a6d56cab8ddb5bf639fbc940b23c94	Assets/audio/lmg.mp3
e60399241c61af2c5bf6de9a96045c6709b424f7d44e45ad4cd9c0fb4ce76a79	Assets/audio/pistol.mp3
9db7d781e57cdfe2add0f4cda85d08690bf1c66c0417ffbaf5e430d408193bce	Assets/audio/rifle.mp3
c2cb0c0e31b268a03aad243b0fd0512b939554493139245104d6f7dce2ede7e9	Assets/audio/vehicles/tank-engine-idle-01.mp3
d1d75a6b0c6329b2913efbabd52c9d79b412d0fcc03e4738ca876e890b5dcc00	Assets/audio/vehicles/tank-engine-move-01.mp3
5a7bd985a6aac285aa5081bb9a3535dd7299ed13ef725fa5a56005f08c4d5b45	Assets/audio/vehicles/tank-engine-start-01.mp3
6d51ef94c2e1b310a32b72532343cac18e79f0cfe25307299f73fa4f280b29f4	Assets/audio/vehicles/tank-pass-by-01.mp3
8ce045e019bfea9dac9ace48c9fce709727bb656495d8997b603353e231f0004	Assets/audio/vehicles/tank-track-01.mp3
d10037a8519a736cb7b3a98ff286975668208e560f648d1d9b18302ca347605c	Assets/audio/vehicles/tank-track-02.mp3
079ba5baf6cea3f3ecf1c261b90358f148f273fda7b7de7e9cc830095e17394f	Assets/audio/vehicles/tank-turret-01.mp3
ed8885b95a277ac06159676d1011a8c17b185ace2e4398f7155fc59e6ef95366	Assets/audio/vehicles/tank-turret-02.mp3
321b538485ad2944885d3e01a23d2bc285e78e0bf8712b38c7e7a8dc5d0c91e3	Assets/audio/voices/ge/abmarsch-01.mp3
70dd3ee450779199ca9aaa880e5a554ec2ed048f613d989aa5a325ca2b240d75	Assets/audio/voices/ge/abmarsch-02.mp3
6c149e314c56a4e979a797faccc196b4d1edc9d3d11709e5c152e8b59919a4d0	Assets/audio/voices/ge/abschnittsweise-01.mp3
617820bc9cafd4fdddd3e3abf01c9f07b30423bfd044af414f513a6092beffda	Assets/audio/voices/ge/abschnittsweise-02.mp3
15fe95d0218e6c6e80c57fb945f74b5e18b3999c6ac3095a14c3dfa1b96786ac	Assets/audio/voices/ge/alles-klar-01.mp3
83a2004149f5d765799d9acc717af2d2eab75311fdee62fc428cd0efe2fa892c	Assets/audio/voices/ge/alles-klar-02.mp3
61bf2c1275f984475d1312c0a0b6bbba9565cddcd7cb3b17672da4555851ac16	Assets/audio/voices/ge/aufgerieben-01.mp3
31c1689ca1adbc2dc1a9d18463df7a1e42eaee053bf7c8786ff0734238b6dd82	Assets/audio/voices/ge/aufgerieben-02.mp3
fc68ff8bc3c94142f644b540b4b25ab2ed8d017a4954bc9006d3b56b37151d17	Assets/audio/voices/ge/aufschliessen-01.mp3
eb6fcd831621b2f69d1e839d654ad182d0dabdbe09fa181bb2cb6c86bf64ff4b	Assets/audio/voices/ge/aufschliessen-02.mp3
34aa59765f7319cc69a78d276e288ba02f8ce264d1c09eae44223cd100371028	Assets/audio/voices/ge/augen-auf-01.mp3
13997dfd9fffea6d1729bca09bf08fdc19f5ab80b29b6b2f138933f8585b6fe1	Assets/audio/voices/ge/augen-auf-02.mp3
5c7b5667cbe48b4061c0fac855b591c2575537c231f8a5137ea373c3af5efde4	Assets/audio/voices/ge/auseinander-01.mp3
b4333a1ea60dfd0211831689094398dacbb1fe3cba7938cebea2915f02f9a5ee	Assets/audio/voices/ge/auseinander-02.mp3
6c75d13e8b0e0cfc42b2b7f98cb5a40c34cbc6f2ff3df8d5852598773218d54b	Assets/audio/voices/ge/befehl-bestaetigt-01.mp3
4a2556298eac7decbd77d7a9200e387238ebd124a6b45e1a6101bee65e7b6b1b	Assets/audio/voices/ge/befehl-bestaetigt-02.mp3
2f5f7460d3f32c5e0ca9edb191046699ee151473829f3776c8a7f24f21111010	Assets/audio/voices/ge/befehl-bestaetigt-03.mp3
86f8607d046d171962205858d5f1b9deb58e74c2a5280f64bb59ed89579bcacb	Assets/audio/voices/ge/befehl-bestaetigt-04.mp3
238f267ad709d10e06f61c703f06c023966e80bda03cf66b5d34a2aa19aaee20	Assets/audio/voices/ge/deckung-01.mp3
8b14faa2bcaeb7228689be90e8d2afa5c55152dfa4349dd2b31309e251b9d66e	Assets/audio/voices/ge/deckung-02.mp3
4a9ac02d4e64c93515e59fc7e4b4e50850f196963dcc948b324e6e432d950ac2	Assets/audio/voices/ge/deckung-luft-01.mp3
2baf229973f95e7e73499f8a52e4615c62c686c3481e2e62e9f808c58b95cdf7	Assets/audio/voices/ge/deckungsfeuer-01.mp3
e7f3eb24d5720138e012b3e721860ea9a40a1e9610fc304c8dfdcb2133bd1c39	Assets/audio/voices/ge/deckungsfeuer-02.mp3
76b2a5447f2f7c657460985e172e21a35ada464a775a30932d366963d0cb278b	Assets/audio/voices/ge/der-letzte-01.mp3
471b25eb2555ab85e28195d4e84a62b2541c2e9b49beabbbc2a817add7234fd1	Assets/audio/voices/ge/der-letzte-02.mp3
2faaf4d8d8404ca33ca034b717c48a9114f103fda7de0a66edbe35001bf3c41d	Assets/audio/voices/ge/die-laufen-01.mp3
d7919035599ab41ddfc21c3cd6458e3ea2b9482c42cf20cc1b9a5fc62c04cdc3	Assets/audio/voices/ge/die-laufen-02.mp3
55a4e8caf6e0007d4a3204031ad1eb9bd4f4fb484675b303b9fc2860d9a5084f	Assets/audio/voices/ge/ecke-01.mp3
f741578231d58e01082ca3bbcaa285d3b1ffb773e8c642ee6a56f082a76204c9	Assets/audio/voices/ge/ecke-02.mp3
794ba4d1a91c2519ab741e604b9f80d366a0de3ab2cb9ca71be22aba97d8f2e8	Assets/audio/voices/ge/eingraben-01.mp3
2eb7e7072ebe9608efef25011daf438a99b39e4a90cc0faa40a9bc897f0f9457	Assets/audio/voices/ge/eingraben-02.mp3
d668e13e680763a4d986fdb6b5be6bb0c8766937f17daf8eeebe9cdf9832ddbf	Assets/audio/voices/ge/feind-am-ziel-01.mp3
dda974069eeb4ecfd09c37ce0363ea0fadb6390ce97879a3ecc36d61b4d2baf3	Assets/audio/voices/ge/feind-am-ziel-02.mp3
7af712be4297faa42390cbec4d4eb5f4ef84344c83f9ea86ea3952f3c1c1f30d	Assets/audio/voices/ge/feind-bewegt-links-01.mp3
14b46f070ed9b14a0133cd851776cb9772e019ebf6e629a4d3f525d14a00de83	Assets/audio/voices/ge/feind-bewegt-links-02.mp3
f3aede10e228bdb32ce74cc33de4da26b7f23cede8a3de63cb98b684e0fbe4be	Assets/audio/voices/ge/feind-bewegt-rechts-01.mp3
10978fd915334840745bdee04cc59098b4b467cab1f4b09aed9bbcfbb42da593	Assets/audio/voices/ge/feind-bewegt-rechts-02.mp3
4abc812c1037684b6f676d4cbe40e6ca8d7a889670b55ab56b79943a247761a6	Assets/audio/voices/ge/feind-fenster-01.mp3
894b2b742d1ef8cc351d097c41874cb1dc0ce35d0269c6b71d3d4a0f2e78c968	Assets/audio/voices/ge/feind-fenster-02.mp3
65c733f76027ea227c0c0ce63d3b703a900c28e45eb44164ddd547c4fb26959d	Assets/audio/voices/ge/feind-flanke-01.mp3
4c3362046dc0ab4758cb5ba133bd0517ba55c6db5c93b2a7c85830702be85a2b	Assets/audio/voices/ge/feind-flanke-02.mp3
9014a4851386385a49e367445abe88e3b3ceb90a217656a3fd806b97707bd92e	Assets/audio/voices/ge/feind-haus-erdgeschoss-01.mp3
56adbec2fe8b8f4073339fee7d66ef31dceb2c1377d83eda43946d658380074c	Assets/audio/voices/ge/feind-haus-erdgeschoss-02.mp3
eb6c0cb0555b7260f8b6dd300c103700afb979160c6ed97ae18199f6547fba3c	Assets/audio/voices/ge/feind-haus-oben-01.mp3
f0944559fe710c40c77629d24630ec0efdc0285b9d4fa7ed9f1c835c1d2731cd	Assets/audio/voices/ge/feind-haus-oben-02.mp3
40f56f2c35575a982dbfcaa81b233eb8223dc5138954be177264323f42880de9	Assets/audio/voices/ge/feind-links-01.mp3
36e1110fd491662091a20959e49f6cbed85c957e3886cc7546159d11e5ef4368	Assets/audio/voices/ge/feind-links-02.mp3
7f6f0bab3fe50d19b3385f947d4af69820ea040a64296366385634e1a1fa799d	Assets/audio/voices/ge/feind-mg-01.mp3
3d2e6832a0d32d145f89bc695885f0f1ee6a6230934d8bb2f3add6e4058ddac3	Assets/audio/voices/ge/feind-mg-02.mp3
bea28d41ce2a8b051d3a4c5f157b99bae2f9be3711f900ded94aa871bd99184e	Assets/audio/voices/ge/feind-rechts-01.mp3
51c749c6147946f296c27cae2516c8d888600a15d057fceaa8f6ad569665a76c	Assets/audio/voices/ge/feind-rechts-02.mp3
deb66dc906f3d4f845f6dd4a3b2c4f4c5fcb9aba331607a282990dcc63904fb6	Assets/audio/voices/ge/feind-voraus-01.mp3
da0039476766a90a25de076f13b6e6fdec2de42808c2f5235b14d4354c53d6da	Assets/audio/voices/ge/feind-voraus-02.mp3
d679580f364943b5a6564997e6bdb4cc3cc3bd74123fc531401c037ca1b76579	Assets/audio/voices/ge/fenster-01.mp3
61a70c5b7ac6d5bb9da3b6a084d8b0f61bd642e6ff410610dab81d8aecf3554a	Assets/audio/voices/ge/fenster-02.mp3
4058764aee8311bd572bb451d31518c8727e60b96e411171574d8486d4f3d884	Assets/audio/voices/ge/festgenagelt-01.mp3
655d3e5ecbc0214ecfb8aea717afa93bbc793db92498f13b5ba980a1a023e050	Assets/audio/voices/ge/festgenagelt-02.mp3
073b2aa73627386413da72142644afa806e383d8ed0d8c2b7aaca9e44e0b1aab	Assets/audio/voices/ge/feuer-frei-01.mp3
1ade2c92bc202d662a94b85fd635bd17d58d9dbcf3ffd5b8d753c5540966dcd2	Assets/audio/voices/ge/feuer-frei-02.mp3
1d94421de1ca8565f37aadb6acfb1ec90348950d720f46cb835b5532e4636cf7	Assets/audio/voices/ge/feuer-halt-01.mp3
38f936ef31553f17574454a537016361ff38331c44d9615f970036f4e1d2e7a4	Assets/audio/voices/ge/feuer-halt-02.mp3
065014586e1df4b114751be46d9d2aaebb32f9c2af01804ad04882132587cfaa	Assets/audio/voices/ge/feuerschutz-01.mp3
8d5f70fd2188ed3f2c4d7da9b940506518e48de89a18c39cf725740a1ea31a8d	Assets/audio/voices/ge/feuerschutz-02.mp3
9200cacbc3b9b0907a0dcec27d8080060ac7e8692a1eb27b3d2ddc326b6014b8	Assets/audio/voices/ge/flieger-01.mp3
492236cfccf9eefb1fff9ec3908ac4fe375cb9173539e252b2381bc1c7647fd8	Assets/audio/voices/ge/flieger-02.mp3
c24500e2f645047b63110236759e841bd7001148c7f091cb74f456d7089df8ff	Assets/audio/voices/ge/ganz-nah-01.mp3
319f0a6c4e4873fa5de1c552b3c51e366063f25a4243086dd3900cef43be3c93	Assets/audio/voices/ge/ganz-nah-02.mp3
7b0567f701aad5804269fe61401b96b0ce71fbd723b557fed533a90f17ad0025	Assets/audio/voices/ge/geschafft-01.mp3
daa610341d0d081edef86f158414c7fe3ddd7de73c61dc5c7ed2b35e6eb800b2	Assets/audio/voices/ge/geschafft-02.mp3
16c5d35d08077f444a094d1c70ff991e07b9910f438310910ca9a982a5a96019	Assets/audio/voices/ge/getroffen-01.mp3
afec477e3f5bff03f47286eaa79911b4808c2c6834afed31feb4368ff734b323	Assets/audio/voices/ge/getroffen-02.mp3
e2fd2797d381d83ba36af4e3d227470ea2cc3beef8d60173ffbf6dedd6dd5f3c	Assets/audio/voices/ge/granate-01.mp3
28dc62a8c40ea5dfed3cb1e518ec5a1c1716b1c9031d0e4ed6cc0418bd9809d7	Assets/audio/voices/ge/granate-02.mp3
950c9bc19a11773c472185b08380287d81c2dd725a090cd574bbd003e0e616e0	Assets/audio/voices/ge/granate-raus-01.mp3
f60d727873e120e7a8b55730640149887275013fc25a5090d8d18c900023f60a	Assets/audio/voices/ge/granate-raus-02.mp3
fd24dfecbdefc98c7fca98b08bd2b7e4878c003abed637b801c214d23167772e	Assets/audio/voices/ge/halt-01.mp3
c5d0a64c79f9a95193404a9ce07b8655a2137e31f1e92f338f92edef2097cc54	Assets/audio/voices/ge/halt-02.mp3
4a0315d52aa409332fb1d375fe0527c048c04ed03b68a41225ee4b43ff8b0e55	Assets/audio/voices/ge/halt-durch-01.mp3
c1b481da60afc6cb14a7010755583521d8e9527c7c4dabe46edd0fb0baacd4d4	Assets/audio/voices/ge/halt-durch-02.mp3
2bc22fb2ef101f7f8814320869930719331b08a85e376fd099a30efe64febfe8	Assets/audio/voices/ge/haus-saeubern-01.mp3
2bdacb0d56b41ee422ae31b50054aa9f2aa25db3936f23dccee053e0406da9a9	Assets/audio/voices/ge/haus-saeubern-02.mp3
8a0622aadf57c1839949f66221770c7d53131da2b5d671cbc4537d359b77e414	Assets/audio/voices/ge/hinter-uns-01.mp3
d6821d7b7ac3f82d904c5d559a9433011791f870990368f54a540a5f55d7c9ea	Assets/audio/voices/ge/hinter-uns-02.mp3
22c2880a329b45d8128c288dcfb796a761770d34d17f3307bd9a5f74cea1a85a	Assets/audio/voices/ge/ich-hau-ab-01.mp3
4c04fdc40279c38495445f3af8ee5f7e7335781cff049010ac38839b84fb8260	Assets/audio/voices/ge/ich-hau-ab-02.mp3
df9b01724b8ab20f42a2e7461821737937e2e57fc4a57876bd3131c9a02a54a5	Assets/audio/voices/ge/ich-kann-nicht-01.mp3
488545106913f8c1e57569134e1bd06b26806814f3b8f217b102568d819907d9	Assets/audio/voices/ge/ich-kann-nicht-02.mp3
12c10063846c9e79ba3e32c4a0ecb11338a4c5726beeac1fa64073723a432709	Assets/audio/voices/ge/in-deckung-gehen-01.mp3
911faa71b0f59ec9dfa851ac0b5ab32cb325a4eda33da2676fb92c336d71aea9	Assets/audio/voices/ge/in-deckung-gehen-02.mp3
aa90b086a07ca89d42f3803ec8d84adf49b761459becb44217d8b1c1e7ec6bb7	Assets/audio/voices/ge/keine-munition-01.mp3
83005b8a1d25cd787575c9d56fe6599e582c65c72dd53e8e6c3232615ca0e3df	Assets/audio/voices/ge/keine-munition-02.mp3
78bdae5d28ff4e34375b5e51167917463b82719a155ac7384b657824ad158694	Assets/audio/voices/ge/knapp-01.mp3
ef4f49fd189b377a25fec21994a4912a7dabe98be0c06da0b794aafd8651674b	Assets/audio/voices/ge/knapp-02.mp3
f506d9c0ac207338dbeddb50f9262e80d467fe50f0c5bf8299eb2aa0160d548c	Assets/audio/voices/ge/kommt-doch-01.mp3
bf0b4ddd3c311483f42e3efc3774d74600aaddaa3516df08243cc4a79abcb7d8	Assets/audio/voices/ge/kommt-doch-02.mp3
58369a049f6440ebcb44b499d32c376c9fecbd6fed3e527691547c282ef433ef	Assets/audio/voices/ge/kopf-runter-01.mp3
b4a7364d0fec9cf8a7a8fc9f0ae5361bc6daa0e6a6441ee7d685f0fc129a125b	Assets/audio/voices/ge/kopf-runter-02.mp3
52cbf116faef70a5eedc65c88f61d531800300a346bb9b86da1e7843ccc9d6af	Assets/audio/voices/ge/ladehemmung-01.mp3
2375e9e574a46edfd85fe5d36e606213a0e6c643d70055855bcb428b79fadc44	Assets/audio/voices/ge/ladehemmung-02.mp3
abaa9133fb0ac5ef76a8ebaf5c51de8b3d3d8ba05ca3bc785fb79b5e9db1e44b	Assets/audio/voices/ge/leise-01.mp3
1b5fa2d38a9e32ff9115587fc30f33993dde3fb82a1b8bd2699ecbac89b5e967	Assets/audio/voices/ge/leise-02.mp3
276dd1322d8b6ac6dbd4cba1fa6547226c7b784d4bda38c7806b3f9b8c2731a5	Assets/audio/voices/ge/mann-gefallen-01.mp3
865d963811beddc9e1001e1f1c54faecfcf957f409f941ab6a5939dd17355974	Assets/audio/voices/ge/mann-gefallen-02.mp3
ef68e5cac5fe933a2b64533042adea8e06080d0d27aff30530de151956c9a428	Assets/audio/voices/ge/meldung-01.mp3
c96063f46967054df8f9b55df13c48440765df074919555e659da207c3d0b4d2	Assets/audio/voices/ge/meldung-02.mp3
11cc60a42a7d8cd4c7f56f9c63c32eea2d6a89daebed7eeff8ee3eba4621a561	Assets/audio/voices/ge/mg-in-stellung-01.mp3
e76791e035509ccb462f969f16ad5d6d2955a7fcf6539565c34efe858e08903a	Assets/audio/voices/ge/mg-in-stellung-02.mp3
c0af5d2ab3f645aa9d7b5108e7b7f2fa69f27fc1c0885a3201f5d90594c5b374	Assets/audio/voices/ge/mg-ziel-01.mp3
e894a9ff0529c6fd9503cfbf84be0b65cc40b8699762cf60d9ec38ad01e14fb2	Assets/audio/voices/ge/mg-ziel-02.mp3
8931b97e14018eaaadd09154789baf2e23a10768fc58cbab5e34f346594be77d	Assets/audio/voices/ge/mitkommen-01.mp3
812b6ab1919edd23ed3434a2ebf6aef00b39d25ba81e80e7b14cec01ef683507	Assets/audio/voices/ge/mitkommen-02.mp3
2c927e8ecf791b12ee508475a7e26ce74024e8e2bd276e2ab0c532e9a34d3fe2	Assets/audio/voices/ge/munition-knapp-01.mp3
3e825b6651b038e01a5f12b0aa9ea7992429d2e837350e60e6c1a8221656da29	Assets/audio/voices/ge/munition-knapp-02.mp3
9c5fbc20e8e661f4f2c8fc8273bb471b06bcc0915afc17edf38e77dc0c8fe025	Assets/audio/voices/ge/munition-pruefen-01.mp3
0defe0f67739e88ff32b2768b2fd2a9b57c39482c78ae48685c5c3536dace811	Assets/audio/voices/ge/munition-pruefen-02.mp3
7ee59acf5e44587b1878f531535edae9281f369cd398a3976ab975802b421af0	Assets/audio/voices/ge/mutter-01.mp3
acd09b93265450d67ba8ae2e2035448a1a1a5be58fbd1c7badcba42334d4952a	Assets/audio/voices/ge/mutter-02.mp3
74397df7d29ba3e40b647592d6484c51a58b32caac0209e51c7a8bea08645f34	Assets/audio/voices/ge/nachladen-01.mp3
ce4744e413c3bc0b1d77e50831a730895d573cfacfd000bf4b52db3d4614d00a	Assets/audio/voices/ge/nachladen-02.mp3
7d2d47d3e275f5559cb701f41762e2d3b38d945da6fd48763a445e70acbda9f3	Assets/audio/voices/ge/nachsetzen-01.mp3
11021d53145bf0f1dda119d693b27896d66c79471c9a900e659c58fef85c16f6	Assets/audio/voices/ge/nachsetzen-02.mp3
97ef44e4d990c7dc3208e3909d684a287cc699a429addb1a3afe97d85c985304	Assets/audio/voices/ge/neuer-befehl-01.mp3
b802255bf99eb808e7ea4cd00b0622e3062130634eeacb2bd1b8fb282df7946b	Assets/audio/voices/ge/neuer-befehl-02.mp3
4c34095985ba159f67bdd600538acf4a1b702350195a33f11a098a347f58574d	Assets/audio/voices/ge/nicht-schiessen-01.mp3
3d9737dc88c51ff1d8a842b0f5c64afd9cb9d2f04dd7e4409e8dc255aa83de74	Assets/audio/voices/ge/nicht-schiessen-02.mp3
6b818ac2dfa3553c0698e6562c3bd6362ec8e2a073bddadee94f51d5667d49bc	Assets/audio/voices/ge/niederhalten-01.mp3
0659574967cf0dd1e303108a3e1214cc33862d16ba8b59a6cfdbd53b77005ee3	Assets/audio/voices/ge/niederhalten-02.mp3
f8e447cd199ed5ebdfbb9fd2dcd7171c75895b33ca6e51dcbfb7570c79aab922	Assets/audio/voices/ge/panzer-01.mp3
1ed69cdac809051f4e205f8f015d2db197bfc571be1d50c2d7c2ef77ef8b6b5b	Assets/audio/voices/ge/panzer-02.mp3
14a4846b8c0cb0e9954a913250b8e3d5b67b919de61c1d2d31d889363834ce05	Assets/audio/voices/ge/panzer-voraus-01.mp3
662379c82bbb282952ff8f7540cd652879c9da00c39476b946ff4c742a96b648	Assets/audio/voices/ge/panzerabwehr-01.mp3
997275388a662caa7e126f814ebbfda015ffce4713c1e943d4ab4ca4fb01fa8c	Assets/audio/voices/ge/panzerabwehr-02.mp3
a28fdfd22e4013279513162285f97903dd8ec09baa86758eec49b70cdc814881	Assets/audio/voices/ge/pistole-01.mp3
d9c40ced6de0ef755bab524af06f4a63f171ae83e36dd851ea482743b8a344f8	Assets/audio/voices/ge/pistole-02.mp3
d5aaf59de75c0dd49a7706542dcf0a1ca7c38da473567371a6c5cdf54ee52cec	Assets/audio/voices/ge/reserve-01.mp3
b40589948e76197ea26554641e5f16653d7348a0139c8c16f8ff157edb4acb09	Assets/audio/voices/ge/reserve-02.mp3
1c5205bfbb9231ffdc48ef9be5a3da745c44be5336c59ee333acda5393cc4ee4	Assets/audio/voices/ge/ruhe-geschichte-01.mp3
a3c59573d1f063cdf08dcca2fc98f734eff66187230050b45f0ff8e1f6b9b617	Assets/audio/voices/ge/ruhe-geschichte-02.mp3
24420fb88db3a9c770f2904d74f7a27dad7526c4ebeaff8e8ce65ebf9fd67223	Assets/audio/voices/ge/ruhe-geschichte-03.mp3
671b15b07caa7686750c0a7cfcaa8470416f721f2c892da600d68aeb6f9f142b	Assets/audio/voices/ge/ruhe-geschichte-04.mp3
ec5e18d7759d0671148844519fb020a61c55f35613640158c00fb1418465e1b6	Assets/audio/voices/ge/ruhe-geschichte-05.mp3
185ba8a9c84068a4253776e5ea343cf4d7f7f175120ee6060b8778ad3c36700b	Assets/audio/voices/ge/ruhe-lachen-01.mp3
6d02b614ef7d871621c73f22f3c1df026440d0d07f496956db03593539b463be	Assets/audio/voices/ge/ruhe-lachen-02.mp3
f01a2ad8dfb5451a763fe985bf354427b129cf9a8855524f6d6aa63cac65f913	Assets/audio/voices/ge/ruhe-lachen-03.mp3
bc4b23ef76314bb472f47dcf3ba6d94f0f73982ba549db79fb61dacc224d4ca3	Assets/audio/voices/ge/ruhe-lachen-04.mp3
db8ddb99379bc1464b7f12ae4f29abae66c497fa2b878476439a9f0533abd0d9	Assets/audio/voices/ge/ruhe-lachen-05.mp3
3d0edd2d82415babdd7caad2e326ee6ff7063e24a9463adad3a7ef3175b98e86	Assets/audio/voices/ge/ruhe-spruch-01.mp3
1f9d162e6d7fb9d50348a2f930ab960cc3d1d204d50e513d4fabfeede18de688	Assets/audio/voices/ge/ruhe-spruch-02.mp3
cd6aae140258d7952901531ca94ca016c85d5ae51dc3861c27a854e452ddf94a	Assets/audio/voices/ge/ruhe-spruch-03.mp3
2cd65f5749f6477c336a20f18c7303e815ac1ed9ff56a0a669f7eb3a757a57ba	Assets/audio/voices/ge/ruhe-spruch-04.mp3
538532c27096df536def3a32059c051321729c016ab784692394df409fe5c203	Assets/audio/voices/ge/ruhe-spruch-05.mp3
59b2c72987c044732a193387798daf6650addc9ea0af25fbf1c5ff1d069cb969	Assets/audio/voices/ge/ruhe-stoehnen-01.mp3
af3e97f32d1da1032598ec1bc4b171fa66417c511855a9818a0687c6fae02c55	Assets/audio/voices/ge/ruhe-stoehnen-02.mp3
e1fa0e19e2f3b79bd19df077e544e09c5c471a48296133a5b46cf20017ae3dec	Assets/audio/voices/ge/ruhig-01.mp3
b1ce2801fea8b3da9ac082788e6f694cb37f14293dad97d0a75921d7c3c2f099	Assets/audio/voices/ge/ruhig-02.mp3
5664af63eee41c0eaff90996a8ee9737b61fdc96a8665f5fed086513778c9a43	Assets/audio/voices/ge/runter-01.mp3
a1b74e8dc5e2b10823b6b659ab1ef9996a95457515ee7bf8c601ea0d09e864cf	Assets/audio/voices/ge/runter-02.mp3
02b066af205803cfaed2fc895f64c21349f47897d0c7b2140b044ad8a696d91b	Assets/audio/voices/ge/sammeln-01.mp3
e605878441c1c99d2665978ca0cf3ddca67724cba13e6be494bdc5ddc5f6b2f2	Assets/audio/voices/ge/sammeln-02.mp3
0ef3526705d152f83c3064eb71a8b748b44fa85292ceee73a563c60823c679f6	Assets/audio/voices/ge/sammelpunkt-01.mp3
eb47d2252cb8a4388dea01bdcd2c141c2a94d2a4a567b590b4fab9e220470601	Assets/audio/voices/ge/sammelpunkt-02.mp3
d7c4348b019f2cc8a571047dd6002888d052ee424ed77ae1aabfd0266a22ea64	Assets/audio/voices/ge/sani-01.mp3
57366e33a0638c8309df93cf0f5c399bb65b0cc2a230015ad20f084560181a17	Assets/audio/voices/ge/sani-02.mp3
d0147540539368990e05c4af3a405dd05a1b3a42725acdd42ab4125c214d3ee7	Assets/audio/voices/ge/scharfschuetze-01.mp3
f7c47bb4f3b95190de435c369e56fe181a0177b952f14c5c7ce84a91187250b9	Assets/audio/voices/ge/scharfschuetze-02.mp3
ba260d2f95e44140227b31b331a226c1b053b7901ce78a15ddabc280c0c625ab	Assets/audio/voices/ge/schiess-01.mp3
c3102d15b57667043bba317b9ea3dccde41d1e2ee601038316f7f43cb954ce1a	Assets/audio/voices/ge/schiess-02.mp3
7a33b99823f620c595f02448ffa388e308ce08d2d9af22c8cf7a61b1e9b9850a	Assets/audio/voices/ge/schuesse-gehoert-01.mp3
39b9ec018843f3cf8ceae79a0513a2b2939114299d93ff35061e295717016cfa	Assets/audio/voices/ge/schuesse-gehoert-02.mp3
7487012eafe818e8c07d69477cd729e90be383c3a4cf99146fac9810c59eaa9c	Assets/audio/voices/ge/stellung-bereit-01.mp3
1f81cf9bd5d4040a09d3344db0cdb23863b910abd9205b8683873e26d93e685f	Assets/audio/voices/ge/stellung-bereit-02.mp3
12c30981b84cbc91b8cfdc5703e8f0ea92fdabc0165de0f97f9eeb81d96d9831	Assets/audio/voices/ge/stellung-genommen-01.mp3
319f17e141a9a8156d317bc89df012785808a3c7ad5b6e1672ff239f3f10e9af	Assets/audio/voices/ge/stellung-genommen-02.mp3
09a305e02ebd9835a532dad727fbafaea685f515084dc81690a65d67f2d723a0	Assets/audio/voices/ge/stellung-verloren-01.mp3
128a6a0c90d91536e36c5e6933613e794f9ba8a5bfcc3d9576ca95df4feafb24	Assets/audio/voices/ge/stellung-verloren-02.mp3
2ec281831357e1aa036f1b5ea31ab14300336f189c39a5af8784e7524fe9d16d	Assets/audio/voices/ge/stellungswechsel-01.mp3
6c59b6ed25e4de820677da312cb809381cde99688e0a25106ab4aa56bbd96695	Assets/audio/voices/ge/stellungswechsel-02.mp3
05d3624af790ce91b9b5bda8e40610bfbee6b5c7fc3e66058955aca62a571c5b	Assets/audio/voices/ge/stirb-01.mp3
b9e05800b1e0fb4424c9b4c064fe1ac1475b2da4a7261702eec8112e85a93f16	Assets/audio/voices/ge/stirb-02.mp3
4e8ae6ed076dbf90ea12e0052b9072fe67063c1f9ad0b3a98d42e9e52dc4ef33	Assets/audio/voices/ge/sturm-01.mp3
8a93f39b0f03acbdfe62570bd1c8f078306fe55bd8b29e00d3d79e4060a31c9a	Assets/audio/voices/ge/sturm-02.mp3
d718607c6d4e9b692e985016175f528e9cecabc4c476cc45209110cee7c46bbe	Assets/audio/voices/ge/tiefflieger-01.mp3
92396d4566661cc285dc2246b4343aa9df43f7ea8e2e141a812efd0298b3ffa6	Assets/audio/voices/ge/treffer-bestaetigt-01.mp3
8952829e2c89a3b53a35ae86b68e10fa3d33e3e8b2d242c6b0b9ba8f8c2bbac4	Assets/audio/voices/ge/treffer-bestaetigt-02.mp3
a56bb46b6e4fe3da02a10137817b423cd108456d13d976a16f6535017f308370	Assets/audio/voices/ge/treffer-bestaetigt-03.mp3
1919e3c83508caeaa4bef77b989a53b0acb6962a9d4d7b016414aa0f97e7b674	Assets/audio/voices/ge/treffer-bestaetigt-04.mp3
2fb9c9f8cd2e1982f11208ce0ae299f50b776fc330e9027b0dbd23ad191d51e5	Assets/audio/voices/ge/trupp-los-01.mp3
149c3c0caef7e3df6217a3d83d51cf2348c15f8c07795a66c6f69ce491fd67ca	Assets/audio/voices/ge/trupp-los-02.mp3
b27fc1ac458b12d73c1b21a8dc31f7b519fb421334104e56314f910673477937	Assets/audio/voices/ge/uebernehme-kommando-01.mp3
47e0b3d10c2ed3697f439012477c1702a8412f1ee3825cbc651cfdd35ff54172	Assets/audio/voices/ge/uebernehme-kommando-02.mp3
98f38bee6ed51dd5f9b2750a8775b825459f6ae1aa8b09f1c9a1bfe35356a1cb	Assets/audio/voices/ge/umgehen-01.mp3
f53de368af6494e627ecd69d103bc88cff51f4b614d4295a119a78836119b345	Assets/audio/voices/ge/umgehen-02.mp3
a178fced993fc0e1f63dae2cc897f86fc93491c230fb2ce316ad21b180c1928b	Assets/audio/voices/ge/unter-feuer-01.mp3
4f6eeffbd878b10fd5e28293ab7ac53d7d8941f7c5b35570a3ab853e73bd03f2	Assets/audio/voices/ge/unter-feuer-02.mp3
652bffd7216566e7e73a04188dadb301d8b6bb058fc9037701a217588bb45fc2	Assets/audio/voices/ge/unteroffizier-gefallen-01.mp3
32859c61a501914d762a0426aa5b0f33c7b336bf82511172e7d052228318a421	Assets/audio/voices/ge/unteroffizier-gefallen-02.mp3
9c3d350e6504682372a2f537086f1116d01ffc8475e371dc24f471ed079a27e3	Assets/audio/voices/ge/verloren-01.mp3
3fc6170b27f460b5211579e33ac826d905148cc3b2a1ed7e4e4f71986109a5a3	Assets/audio/voices/ge/verloren-02.mp3
76670bc2b99860aa6a53fca2a3390500e3f32170b67d299b67753214dbe27135	Assets/audio/voices/ge/verstaerkung-01.mp3
826b78f8875c78a674bcde1ed4197c1bd9c29bff6bbabe9fed928fcc36d63ffe	Assets/audio/voices/ge/verstaerkung-02.mp3
4c0561dda25d58b9bce7d852f14ebc1236f64e8cd40949bf71b315899e942a03	Assets/audio/voices/ge/verstanden-01.mp3
5e6816aaa08c791ac5667a10bbde22cdc9569e53c268dfd7b64afc9a3ec7af84	Assets/audio/voices/ge/verstanden-02.mp3
f5b41396281e60aa81531d4525d5456f030793beba3f953f8c92efe153523a24	Assets/audio/voices/ge/vorwaerts-01.mp3
23f823a07ceade1d8440417d553aff1577d5281f7afd57026c5212086da5e995	Assets/audio/voices/ge/vorwaerts-02.mp3
4868b9a468db222ba9ccc1a54306b9a8088746b5f26c7be10ea5937b97693621	Assets/audio/voices/ge/wartet-01.mp3
04f7d697ec18a915c093a1f30d22f753fc0283fbcc0cf25f4e904cd9f44e10ab	Assets/audio/voices/ge/wartet-02.mp3
e862b706943911a8fcfbc89b89df5f5a76483505b1cee4c07d4b3ffea2fdab3e	Assets/audio/voices/ge/wieder-bewaffnet-01.mp3
332ea30f6e647469e766bada225812f860bbdfdd7a2db79b37e8651dac54aee7	Assets/audio/voices/ge/wieder-bewaffnet-02.mp3
997d0a387da4319424ae7d505e2793f852f1d1a2dae772980921197d24788aaf	Assets/audio/voices/ge/wieder-feuerbereit-01.mp3
6376b452c07ff9b01254464e017f2a6b091b57dd528713d4d26eff988d90edf5	Assets/audio/voices/ge/wieder-feuerbereit-02.mp3
0ad19eaa8e7cf402bb499e5aea543df46f9d07f9b4d11c26da264a1e4d918363	Assets/audio/voices/ge/wieder-vor-01.mp3
3ae81bd169e269719734169baec2ff6573b68acf81377145ab3aed1d8982b69b	Assets/audio/voices/ge/wieder-vor-02.mp3
cf05505f8bc637af9e36484d1031a4e021630691249a13380822b9075d406ae8	Assets/audio/voices/ge/wo-sind-die-01.mp3
2bdcb670afbf29f224e2e89dcd602ca7470eb6bf1bacfbd47d1636386c5ba3a3	Assets/audio/voices/ge/wo-sind-die-02.mp3
c3886201a273afe6de9f9b02e6e73022963c81fd4778a9737b2779649d5ef24d	Assets/audio/voices/ge/ziel-nehmen-01.mp3
43f89edf2b9b31016582c65d98d0e3e2302b05639648e15c709f65af7ce5626a	Assets/audio/voices/ge/ziel-nehmen-02.mp3
de0f3e1e951423d983ea4619eaf6d61921cf52a3e08ffeb08400692fc7c13329	Assets/audio/voices/ge/zurueck-01.mp3
5c7de1a24c34d05430e7715b0792432c768b6ffe86a5abb1b7dc52031ff3aaa5	Assets/audio/voices/ge/zurueck-02.mp3
085c1537f70b724fd93b199c888b4e07570aa3eb404c0ab538a2e241e83d2ef1	Assets/audio/voices/us/aircraft-01.mp3
d6252d7e23554ff1ea0c833d283947b368627f101de298a54e067a90693451eb	Assets/audio/voices/us/aircraft-02.mp3
52c0aa88cf651cdc8139deab9390463451f51d6686f8aa2ac841ae791232a995	Assets/audio/voices/us/all-clear-01.mp3
83a3d88f1621db2c0f9ab21bf583d6188c585a5d8b34b816f8c2f77fc8d1d098	Assets/audio/voices/us/all-clear-02.mp3
c797c8f7276a2b3f98eeefeb79d384100ca6a677a83fd8eec55516c4d673fc27	Assets/audio/voices/us/ammo-low-01.mp3
2815e58468e172b45ab060d0ebe789352ce0eb915a9172337e7e4806f0f49310	Assets/audio/voices/us/ammo-low-02.mp3
234f1c7ea2e035cad752ccf2d49018f8450648f806c26f0e9fdd0746664d91b7	Assets/audio/voices/us/anti-tank-01.mp3
b186555722548ab719c82c13c65ba23fb6a0c8ce8ceba2259e2d735fb3264a0f	Assets/audio/voices/us/anti-tank-02.mp3
c20a48b036e0ab0729f0331739433b3e3ee181157e54e7b2a3f090104158a9b3	Assets/audio/voices/us/armor-front-01.mp3
04f644a5ba58b211af60d386c27f899330d4aa119a41919ba529d75527c3a5f4	Assets/audio/voices/us/assault-01.mp3
3e733f03717458215d48756aa3d5a78816cdcae0ca29226d4c9a8704b0d0d4bf	Assets/audio/voices/us/assault-02.mp3
41a109066d5a714c26af6e1011eeea0c1a6e03c4eec1af97d0e17d30a72aecc8	Assets/audio/voices/us/back-in-action-01.mp3
cccd694bb9925064a74013e5ea3b0b92fac3f18b5a7a9982751b9269e6b67476	Assets/audio/voices/us/back-in-action-02.mp3
92e98dab3df26c2b518d4b41317aa6b1bdbc8c4f43283f2fce1d1bb0bb93fc46	Assets/audio/voices/us/base-of-fire-01.mp3
dd4cfe4edb68188f06223733cb9dfcd03fd66abf8b38e18209a732bc57a9cdff	Assets/audio/voices/us/base-of-fire-02.mp3
a40e678354cb0730c2bec073ee2254004b8ef14b52ee99147d2300746d764bac	Assets/audio/voices/us/berserk-01.mp3
0cc2255fd86997abe4ac7b04991b2ab186de64a91bede2669d24b7f89c4af232	Assets/audio/voices/us/berserk-02.mp3
e6697212447d2d51e88c1bc8092cd924e95ec8eedeb6374e54512354ccde74ae	Assets/audio/voices/us/breaking-01.mp3
64c9eae9508f2c6d559e5f47adee0c62bbdd5d7e0f5d279f4c24b22b1518c11f	Assets/audio/voices/us/breaking-02.mp3
c323dbb7abe12c35261d887e9b1b9925ce150717a5cfd8f15f2945893fd325ee	Assets/audio/voices/us/capture-01.mp3
dfa056938a5e5f2a81e416a796866307a2db050cf4605fd1042f79a650faf3eb	Assets/audio/voices/us/capture-02.mp3
66ef16e784ba20f08fb85bc154ada3124088762a7ae95a88bd02188314443d24	Assets/audio/voices/us/cease-fire-01.mp3
c58c35b421d959d83fe3ae18f743979574838e87a928380c63ed3629384e7d94	Assets/audio/voices/us/cease-fire-02.mp3
21fd3e9ad943bc61d8fd600fbd8dcd4c50e92675c89b826f3a1ceeb45dcbabdb	Assets/audio/voices/us/check-ammo-01.mp3
f1b959708b1876066f92bfa2d150f217c0cd5905e3a57bd8d78035fe4e692728	Assets/audio/voices/us/check-ammo-02.mp3
30c874a0b51bcf5562ba2d7debd3d54f9b2985c7cb022979541d921083465b5a	Assets/audio/voices/us/clear-house-01.mp3
c903e0df208e702a2b86759ba030c0f6c6a5319e4a590002f8d789c06f5c87fc	Assets/audio/voices/us/clear-house-02.mp3
3e3ebf953a535e53c2b2f3b97ac5908f4d4d8082fbe1523ed55b3e0138c5e3d6	Assets/audio/voices/us/close-up-01.mp3
d4f37ad56215d9e7100725adfce14822c8af829a4ffba3b69cd88ae73384fa89	Assets/audio/voices/us/close-up-02.mp3
3987ce8cf21e299be70066d39da3ea534db44f8ed1ae23d7e78efbbcf6084f49	Assets/audio/voices/us/contact-front-01.mp3
5bece8d81b23b2b9223b238a0f1b026af7c3e1abf3ccd8b26122e4248b6eed55	Assets/audio/voices/us/contact-front-02.mp3
e5c8e820533952a0e293571bb2ff2e4265378f980f80b797ef3ef67b771b8932	Assets/audio/voices/us/contact-left-01.mp3
150d01e5077b6e3fa6b4f67a2f62fc5f83b16c990e41535d8223c270697e29b3	Assets/audio/voices/us/contact-left-02.mp3
8f429c029d0e24c4c0ba3846c847d1173a27ef3c901df0cbd5199367329aa727	Assets/audio/voices/us/contact-right-01.mp3
3f063f5c667bb03c0008c0909d362cdc587da7418543d728a6ea9ff4ab343cd7	Assets/audio/voices/us/contact-right-02.mp3
53d9adf05b58018b5181b5c356dce14204087e91ac5d6f4eeb0b93a6e0550a85	Assets/audio/voices/us/corner-01.mp3
de5e06298f03af593c1e1a2ce3287e0a0799d1bbecac392193f96b50a07da883	Assets/audio/voices/us/corner-02.mp3
6292a005eda3128372604e8b6358292656cd7887cc8ccfd7fd23db3243d89a53	Assets/audio/voices/us/cover-me-01.mp3
5d9c4689f18f416778ad245dca6b6b818b5f81d117eb0dab83bb0cd562acc687	Assets/audio/voices/us/cover-me-02.mp3
92c57ac28edaae616ffe4090c6c2511fe8dd46d674c20036544eeed639159347	Assets/audio/voices/us/cover-set-01.mp3
c8bab6381e39fd99cc735671425e3506f9c33585e3167e45f9383541ab005df4	Assets/audio/voices/us/cover-set-02.mp3
3b72acd705ea2a91cc81ad9d317d8ec6d980a853cc0ed3acd1c3d682f81697f1	Assets/audio/voices/us/cowering-01.mp3
411322dcdc051b6bf50f023a41f7437ef4474efaa55c72f66a26ba83684b9cd0	Assets/audio/voices/us/cowering-02.mp3
4cfb8a3334fe7c1ca12286c0c6f658365609d9e3f194a1cfaee7ea34334516a9	Assets/audio/voices/us/dazed-01.mp3
57a5f2b9706e8dd790607f5f6c9378e2b6d142cd1287b7d1c267b9606bb7c7a0	Assets/audio/voices/us/dazed-02.mp3
5235385bc4c6e0bd314c45271b94b92f9fc4b24dd64a5ac7d04f1bb86ab700db	Assets/audio/voices/us/dig-in-01.mp3
e4726b5697b83063cc83b267e10b02302af14050aaaae32e1ca772feac3c5e92	Assets/audio/voices/us/dig-in-02.mp3
caf9e5a00f5a26dea53d6cbbe82b5642f0e1318ce778b95afc1e5315698b6e72	Assets/audio/voices/us/enemy-behind-01.mp3
b14f308d04852f82f01da451ff072cd3c62753d14d592d333b4bb73130d5383b	Assets/audio/voices/us/enemy-behind-02.mp3
28c5cdc48bd3e8d1777846a7c927f6f814eaf8cfcad08a19f72d6c17bd8d5cdb	Assets/audio/voices/us/enemy-close-01.mp3
c7c177571919cefc4929b8697b518f97f510527ecdc18026f7788905f241d287	Assets/audio/voices/us/enemy-close-02.mp3
dd640b5b3569c3801f7f2fc6455e1247487f2f862aceaae12d3ddb9d113c0147	Assets/audio/voices/us/enemy-flanking-01.mp3
b981dd7a4d41f702931964adb009a04cd1ee8b8d898f23997e07bf4c96dd48f3	Assets/audio/voices/us/enemy-flanking-02.mp3
dbdfd07851ca0729985deef3dd0133ac3dc24d6442d9ec0d4c4d68baa7553db5	Assets/audio/voices/us/enemy-house-ground-01.mp3
11510fe6c8d198c93608f50cd9c625abe26523a862eed8eb3fffbfd27928c22e	Assets/audio/voices/us/enemy-house-ground-02.mp3
c43aed803a7be6df9f5b59177620185ad3643d3ab71e5599c3eaeb0664638fef	Assets/audio/voices/us/enemy-house-upper-01.mp3
b39e1ceb29c758b422bfee647f84fa7a21a70571ade6f40530f86c33530a1737	Assets/audio/voices/us/enemy-house-upper-02.mp3
8a3c4f82a9457623e1756d61a48f60d57b3454d8a91fa721a6b5c7494bdfdf58	Assets/audio/voices/us/enemy-mg-01.mp3
b4c0eeb97719a12041a9dc51946d13c9a6a86bcab97256720e851e99e511e7b4	Assets/audio/voices/us/enemy-mg-02.mp3
fe2c6e1001bb54e861a6e81df1677c07f48f85c0c080cdd970755188c0abc595	Assets/audio/voices/us/enemy-moving-left-01.mp3
055c08712cf95a703ec0b07691e681dca1fc28bc3f770d11cdc52581cef7feea	Assets/audio/voices/us/enemy-moving-left-02.mp3
cf25800fcb7196fdc311dfe44248ef9982043e4831f0d1f98e0256d69bc22e3a	Assets/audio/voices/us/enemy-moving-right-01.mp3
236066edb552e04b3a3559f0b8f99d9e4d7a0d01977bbb7db9b816d8304dc4f1	Assets/audio/voices/us/enemy-moving-right-02.mp3
9864acaa861a61b926325fab1a87fcb6c7c48c137e8c99945ca2155fe0a776f1	Assets/audio/voices/us/enemy-on-objective-01.mp3
a8fefe9a6c4260584c0a3cbcc556299983460969b4b277efdad3c00f7cc784de	Assets/audio/voices/us/enemy-on-objective-02.mp3
c4e9abc4c90e7134399e200478809147243f2acdb3e56c8f95caa07c4abe7a84	Assets/audio/voices/us/enemy-running-01.mp3
61d938107e272eec27658727d79bd17c4ce0eb3b9c93b1ddf74c8f388bd83097	Assets/audio/voices/us/enemy-running-02.mp3
0ee704d57cd7f09991b4ee7a58ba630fddfb64c50138f1bf6c9d35a71f9418c0	Assets/audio/voices/us/enemy-window-01.mp3
2f1d247459b7317ca204c062d212a8dbd1bbfd9d7a9a1eece6f5efd43ec8502f	Assets/audio/voices/us/enemy-window-02.mp3
ecc03c0903911ece91684ee751c715c35ded8b5df830422bc609f6019d0262ec	Assets/audio/voices/us/fall-back-01.mp3
eccc148d25b0a2d860f7533cf57c2b6325dbd76bba3ad38be7e3e192231d040d	Assets/audio/voices/us/fall-back-02.mp3
4c3b0ed5a1fb3131a66ce29afcff23d1181f995f5f3aaf3336f5dac3a407cc23	Assets/audio/voices/us/fall-back-teams-01.mp3
ad5781ef76202147eddb3e5c4020de95bb9becd33141c60e57ba2578ec0033d3	Assets/audio/voices/us/fall-back-teams-02.mp3
f464d97578ccc41d9f9dc637e197067a096dd71cf2fca4c0893328f0d92fed20	Assets/audio/voices/us/flank-01.mp3
1c34b97335eb0a8f04dd37310eef4687203cb5c2b3951eadabfbfc3983f64747	Assets/audio/voices/us/flank-02.mp3
9290558b59dd9dc2c1929a9fe33d16549f431336b6257fbe8bf3e68989718d0c	Assets/audio/voices/us/get-down-01.mp3
046a8473ec3bc35303a9cdb823f892f23892f82a8bae6ff681791230a41ee6b3	Assets/audio/voices/us/get-down-02.mp3
9b7e77238560ac806cbe275e6892591d2a56f4292b9c754871412c4b68b36e80	Assets/audio/voices/us/grenade-incoming-01.mp3
bd2af1da0e2003dd015079d4ecaf546bf63584dfb5f427d036e0eadbaa5cff00	Assets/audio/voices/us/grenade-incoming-02.mp3
cb477a98cffa01e21988d63b56f5cad459c4226ecf90794d7b46026b9990f71b	Assets/audio/voices/us/grenade-out-01.mp3
200dadf9c06625230b2d4aa9a46a56cd4e068ab6e614fd745fbdd34f5cc5df49	Assets/audio/voices/us/grenade-out-02.mp3
1bb5e934c1002a3baa8df29eb2ec3d6198e0ba85fda379b12580ccc653d39c75	Assets/audio/voices/us/hang-on-01.mp3
8b2c55001a11a3ae2946aee374df0b1b5a941c50875cc676faa109f26cb9ef6c	Assets/audio/voices/us/hang-on-02.mp3
299052b59ad8ae7460201aa96b72131688c3b2333564dd5660a9156ae9d2a3f8	Assets/audio/voices/us/heard-you-01.mp3
2f162e6fccf246a42ec91d9ca85685c51a1b53c2dfed4e1680aee7f7aaea2d53	Assets/audio/voices/us/heard-you-02.mp3
2e6bcd17a88895efa531ce8593e828d7a877c30ca4307aaef82ad574d1dd24b0	Assets/audio/voices/us/hold-01.mp3
9239bd9903d71755c0ff9a41c189f5f58f8b4739b1f36afb994f4f30b5039d6e	Assets/audio/voices/us/hold-02.mp3
03dafc115f0c581d38710f901d1dab47bc2251c251710671da33b5863fa15671	Assets/audio/voices/us/hold-fire-01.mp3
e0a3e5ccec42f27a5fef12a7bee7ed0b1b2bc7a46b9ee157fb167b4bc0b1b7f0	Assets/audio/voices/us/hold-fire-02.mp3
41161054aecaf0b737f957f7a9ec0c2fbc78b1813b2c17c1790d556f8f2fbf5e	Assets/audio/voices/us/idle-groan-01.mp3
8366f11ef92fb2b7add6707feefb8eae34465e5dd48289a4216b754aa4888f67	Assets/audio/voices/us/idle-groan-02.mp3
01727039ff89da19d0f3a478d3b7a4fbfbb256b53570d2c56de577575b4c23d5	Assets/audio/voices/us/idle-laugh-01.mp3
b9bef99217d2d888f9571de873a04d670b26bf53aa31e7a33d43b2fc8082bf7e	Assets/audio/voices/us/idle-laugh-02.mp3
2afb37d7e6fe97e5ed771015501a343a3aa8fa3fb2c83be84f1e1c5b0b61ed00	Assets/audio/voices/us/idle-laugh-03.mp3
63109d9ff0c278de18c649ba19ecb56d5d2401d7bcac25c417cb164bd06dc8d8	Assets/audio/voices/us/idle-laugh-04.mp3
fadf8269c3adceb244fa39779e3543c7f08a8c4a5b6ed0c03541e48bfe71d939	Assets/audio/voices/us/idle-laugh-05.mp3
e8ab1bd2010c1de501b02408f707dc8c2f44334c308a6c1fc7f6fac05fe4a63f	Assets/audio/voices/us/idle-quip-01.mp3
c4b1a19e0590cd49fdfb1607ba7a489a09931aaa9a65c68faf55a7fe3317cc8b	Assets/audio/voices/us/idle-quip-02.mp3
d09162a6518d8a376348e95a2651544e96befaa1b429bf52d4f5552807c1a44f	Assets/audio/voices/us/idle-quip-03.mp3
fe51db15f739d46ef38600fab0a7bfff4d5db53612c57703c119efa13e7c781b	Assets/audio/voices/us/idle-quip-04.mp3
5e1bb2f695f4f298885fcf49c52ca0565e7cd69144444082054c87346616fc2c	Assets/audio/voices/us/idle-quip-05.mp3
44024365633df45e398d8a9c87e553ebb3756ca32f5cf696e99c43131d953daf	Assets/audio/voices/us/idle-story-01.mp3
64f7281e50f6d3447321f607a67c4196154fb7fd56e4910e8491c9f88ff9522c	Assets/audio/voices/us/idle-story-02.mp3
bdbf29b75d5b194e999be66be32a54932cc198c6e17f73ec7fad8033901cd798	Assets/audio/voices/us/idle-story-03.mp3
d9bca5fdf4b4337e30efed229a93d80a6e5b169c48f7c4ea71a46f8d15a035f7	Assets/audio/voices/us/idle-story-04.mp3
89c4ded5604934488022da5e216ad8c71984f667dc36e9c021d8275eaf68defb	Assets/audio/voices/us/idle-story-05.mp3
110dda4e803519b0a22ed9db7dc87a4555340e108da3e21a17a2c5e8f68b9793	Assets/audio/voices/us/im-hit-01.mp3
349ea2e701bf48ed0344a13e9572ab7fc26ddf2662e1f8ae8d5e95496babdad4	Assets/audio/voices/us/im-hit-02.mp3
ce2cb21e34cb0fbe0c6fef3fd9ff5e7d5098819c61ae4bd3e0cd42de1460c52d	Assets/audio/voices/us/jammed-01.mp3
892aeb2ebe22f9fb865f1810a3d266a40f9e76ffe55a2289a7524925ddb7a2a4	Assets/audio/voices/us/jammed-02.mp3
54b8ca6621d8083513e536ab0b9f6799fdc95ffcf1eacbe4f3cf8aea08a10e7b	Assets/audio/voices/us/kill-confirm-01.mp3
9da048188f9d2e4d70fa8b6366992eb58fd110a93d2c7707b2f6851ce099a7e1	Assets/audio/voices/us/kill-confirm-02.mp3
e1f62cf05b79dd0e9715b31458b9350bcc1ec2b58bf0b94efea16aed9c1fab11	Assets/audio/voices/us/kill-confirm-03.mp3
b9441546ee9fa48d283dfabb65781a6f525f29d58f8ed6a3ab68e7552fecc4ec	Assets/audio/voices/us/kill-confirm-04.mp3
da468f8cefde174eaf0b8b050ec54e9a629256f959769e3c9a81262d9614ebd0	Assets/audio/voices/us/last-man-01.mp3
c108d63c640edf1952ac3feb7d081644a1c032e9fa97a4eef34a4cbd330304f0	Assets/audio/voices/us/last-man-02.mp3
24b2afaa011d16751b9c9bcf24da0df5e7416e043e8ffa2d12bc07982373d6e2	Assets/audio/voices/us/lost-him-01.mp3
1b54ca0d5edf33b20a88770f9a00cb5fa4210e834a7c1f4b4319f155f9401b63	Assets/audio/voices/us/lost-him-02.mp3
d6607b1a47fcdc76b853ebe48b6821e0ce99532f36e20ace9a447b1cbe1bf4c4	Assets/audio/voices/us/made-it-01.mp3
7228095bfc103ebb89bb632996ed266aeeaebe0191f685aedbc1ba79037d6d06	Assets/audio/voices/us/made-it-02.mp3
239f6a8a54d28ec8687656b5491ed8521f605bad317753c55eb804248115a871	Assets/audio/voices/us/man-down-01.mp3
ab575fa315e97d6f3270e9371431e9fd3cb094411544e64ebd7b3b7a13f487ab	Assets/audio/voices/us/man-down-02.mp3
f246d2f684d46e54fc9d60c95612b49461e7d9686fc38ac33e34aca52539712f	Assets/audio/voices/us/medic-01.mp3
98d64031573dd59aab567542476301e2b2d60ce55e5501efaf0d4bb2a75df092	Assets/audio/voices/us/medic-02.mp3
459089c6ac269a730a8b29c545c7f8409337a52cb596e0f6736c2bdba4d60077	Assets/audio/voices/us/melee-01.mp3
1b5c159bbc5363a032d182691b66f0ad331aca0fee55269875a51e31d0f7143e	Assets/audio/voices/us/melee-02.mp3
1dc5f31d4a75339dc70c76bfaef25c26c211ddf8a3c3d93570e4c5d937d3169d	Assets/audio/voices/us/mg-set-01.mp3
6f5f95cab585ad66679720d0cfbd2215c6855258c49a420c038e5e90e8b811fc	Assets/audio/voices/us/mg-set-02.mp3
a4c5413bc33da4fa93229fa35629833ab25b9021551a02128d8b54ecf4a3ec6d	Assets/audio/voices/us/mg-target-01.mp3
b3351e169b412f5712f4f10934d353bd8ae850d1267141d90b48747a4f6dcfea	Assets/audio/voices/us/mg-target-02.mp3
a79762dcf8f55f47323096e47f39bf91b054a207b5c2c7145b08136ee518a21d	Assets/audio/voices/us/move-out-01.mp3
96f08c6e8010beff085ee4757f04b017f6cb94f5e7b300de6e54d1e56a0a5c73	Assets/audio/voices/us/move-out-02.mp3
468d1df02b744679f1de0916d5a468db706ab6479ffb54dc5928eecace2ae4e3	Assets/audio/voices/us/move-quiet-01.mp3
0b5c6e88c4ceb8ce82eeaa483bf75f4c54df665547b6b1eb65fb435655dcb21c	Assets/audio/voices/us/move-quiet-02.mp3
8d31a2c32af1f4f2694beb9a8e78247f902bffbe75f9b7b8a2e6eb73e70c938c	Assets/audio/voices/us/move-up-01.mp3
ce36ae801d5aa053524634b3ea81164495863720e9ade1f9a24fe5051866339e	Assets/audio/voices/us/move-up-02.mp3
757674b5c711794ef76717552a5ca72bf420023bc684c3056542ce397c7a9010	Assets/audio/voices/us/moving-cover-01.mp3
f80f716da39fd22edbf38fd81279f44c0c994835a7d2c6358b2f3c9a510db444	Assets/audio/voices/us/moving-cover-02.mp3
f33b55b7e07f689b98cccd816d3aca5f8ba7269884460ac3ab3150044ccc9179	Assets/audio/voices/us/near-miss-01.mp3
75143a2de1e163266d0200ac02a0d0b570dd997f1ab6cbe3fbef8ceaea0d2da5	Assets/audio/voices/us/near-miss-02.mp3
f6e4e51a5e3ed5d2f30db45796c1495eaab7610c4834186bffd60e084077c422	Assets/audio/voices/us/need-help-01.mp3
d36a2b5b48843422840e429949be74ae30cb39f099450ed3366be6fd6f1935c6	Assets/audio/voices/us/need-help-02.mp3
d12714be763dc831f7a8d668495dce1ded7bd366f0e398bbf07d1486992e7ccb	Assets/audio/voices/us/new-orders-01.mp3
d6fae03b32234c7198a78f126a61014a5b38de1f493416ec92d2d86871e97e3b	Assets/audio/voices/us/new-orders-02.mp3
cc39513153f25d330b8e516d6108ad8f9b38d95f82b5df6a4b52db49c48b523a	Assets/audio/voices/us/objective-lost-01.mp3
2a0a41a778699fcd64b0e6992bcde82513f881ba958268fbec4f5238a7990a93	Assets/audio/voices/us/objective-lost-02.mp3
e7d3c8b04a09e7a62e5caed3e477d205a552b74b33e8b03be8a0f4a5fae2f121	Assets/audio/voices/us/objective-taken-01.mp3
3cb609f57f1ef8fd4003726b9e56dce56d77703f9981b2eebf1d291697efb5e2	Assets/audio/voices/us/objective-taken-02.mp3
60b682210d38e786997aba15cabfc97abefc6e33d27830425ec8d1d06637bffa	Assets/audio/voices/us/open-fire-01.mp3
137e163a1437f28d4473cba8cf3e2a7ec20485cf398e015d585fe1ed3b9cbe2c	Assets/audio/voices/us/open-fire-02.mp3
a1cd3965cdcf2a9471cbf41911d7c916c1f4589badf849ac13c4ec564cbcf811	Assets/audio/voices/us/order-ack-01.mp3
a0103593828e6012afae26c4b8ae846bacc7104a987314a746fbccd652daa8c1	Assets/audio/voices/us/order-ack-02.mp3
33110a877e6d51402908f2276899304da356947336fcad6dfee5f16340fa2c6c	Assets/audio/voices/us/order-ack-03.mp3
0514b925a239282dcb50271a6c64c0398109ea929462cd16dc77eb5abe40cc0c	Assets/audio/voices/us/order-ack-04.mp3
2bab7bd39666bc72e6f9bd5b4122c5d417260e5bcf015f919f8c6617832fe46e	Assets/audio/voices/us/out-of-ammo-01.mp3
8063483db841af94b48ae404448a1c3094a76509049903c623987a219b7857d9	Assets/audio/voices/us/out-of-ammo-02.mp3
f565efc6e8a436e0c1fd505ee911c0a29f3ecdbf338e7dfc8602ae18e24185fa	Assets/audio/voices/us/pick-up-01.mp3
fe11212d6c1b7d5aa670879a8178ea0ea5b35e6f60a72f9a650cfd905cf88e25	Assets/audio/voices/us/pick-up-02.mp3
e829b707e879965017616d7aaa3a660034752db9002d580c251b5385eabe8842	Assets/audio/voices/us/pinned-01.mp3
587d3e9d2b95c8ca923046c14320e2e286d7eb4613891b194598fcfab57c8d88	Assets/audio/voices/us/pinned-02.mp3
67c38659bfe3c7f95a863a82e0e9e8b5a2068cdb8226f75d063b88d072cd1537	Assets/audio/voices/us/push-now-01.mp3
afd1d2482163de60aefaba61bfd20ace3d06022bdad936bbc77026d70b57b16a	Assets/audio/voices/us/push-now-02.mp3
469adcf4dc7b451b9b3b339c33e8f469a70d45e4662c3536812369cf6117a273	Assets/audio/voices/us/rallied-01.mp3
a72246b68275adb59f2d6e11f41bdc9a2d3a03d6fb70ee8cbfb75cfd0d753cc1	Assets/audio/voices/us/rallied-02.mp3
d246a5bb4a8f018fedb84651af1ff94c5065dd620c871b2b38256beefcfe6a4f	Assets/audio/voices/us/rally-here-01.mp3
3ab9f095437d393d7c71f6beea81c06c227a8e770f8802b5762b2ea67eee156a	Assets/audio/voices/us/rally-here-02.mp3
ac03c597d3b62f3e9789fe1317c7bba1c8508a5453048c54cf31d610a8dbfafd	Assets/audio/voices/us/rearmed-01.mp3
0d025e953ee9a1c1e3f5b92fc7fea6a8956b94c8d2e4e2cac4fcabee857ab0cc	Assets/audio/voices/us/rearmed-02.mp3
cfc3b7b6920e1257eb64a28d77d4690f622f707112e71a5e891026ec8329c7ab	Assets/audio/voices/us/regroup-01.mp3
c37fe8e804beeafa1591a0c8f85e29e64534ef46fe3b18b9f6e3a8e653031525	Assets/audio/voices/us/regroup-02.mp3
44107be5cd772588d1ee9a608a8a9c4eb847a9f7914f5b1bea3a585dd6b399ec	Assets/audio/voices/us/reinforced-01.mp3
1404f307085b3aa3dd79cf127ca33fe785a5ca3e88e02e71a0e6f69609424d46	Assets/audio/voices/us/reinforced-02.mp3
100db5307585e173f4fe6d588e22a1ca7513853a4236825ebd3a2387919f7df2	Assets/audio/voices/us/reloading-01.mp3
81eaae22b9d0499dd97783a7193c3aed05df9e25b3aa866d742046246df6a0f9	Assets/audio/voices/us/reloading-02.mp3
be2aba4e647880314a0abe6dfa02e3523acde8200aa6894acfd44b2aa3637636	Assets/audio/voices/us/reposition-01.mp3
a2bb873081d4249f2a4095c4b665f08adc1f155a64d3ecbf15c3a833df2c0b37	Assets/audio/voices/us/reposition-02.mp3
c65623299f7aa783e0170d8221fe8fbf3ca4f2a15946a73cc7dc0ab782fdb28a	Assets/audio/voices/us/reserve-01.mp3
27fd402fcc11683d7a65bdb653e669606485b89080a407775f5802c04d165c79	Assets/audio/voices/us/reserve-02.mp3
6221bea2a45bed585f886a23777ccf9e84302ff616cfbcd161bd98151351fe98	Assets/audio/voices/us/sarge-down-01.mp3
d38b49f5bf4f4c3531742531519f9f08c95f691426de7b679c0580e0b8e26f8f	Assets/audio/voices/us/sarge-down-02.mp3
fc485220efe872372e53b8874e896d5e04fffc0522862c0ca310e622f3ebbde4	Assets/audio/voices/us/shots-heard-01.mp3
f99916181f1dab06679ed3df7a8421fb1f26e90435263e09c70e305ca23dcc75	Assets/audio/voices/us/shots-heard-02.mp3
2fc491b58afa4ee614650c89f745760d18f639f1d772abd4aa99082598a6fb41	Assets/audio/voices/us/sidearm-01.mp3
795ff095674a14bf4e61e738e6e340d0eb09cedf58f97b9a019faca98c07993c	Assets/audio/voices/us/sidearm-02.mp3
78bf2a8a70c06a80fa7b6977941791711debc673974433b975b75fcca7790482	Assets/audio/voices/us/sniper-01.mp3
585787ff6244836c9e9cea11866358242e3465d61d55261703c163f1421919ec	Assets/audio/voices/us/sniper-02.mp3
302101d5e9a12ddb20c0420aad1ade4158a00108e02044d1c78bdb1a70240a05	Assets/audio/voices/us/sound-off-01.mp3
b6a4ed283fae975823db5229db4ef1c6fe28d3d2358dd072b23f5d279f7d238e	Assets/audio/voices/us/sound-off-02.mp3
e83aaae24408d6eb9d969bb62190a36e28f246fc64ceed74d54f2865031bdbfa	Assets/audio/voices/us/spread-out-01.mp3
a41e55767d5da8e17bb9844d9f394f87e68f249b2f0097837cf43a527c69675d	Assets/audio/voices/us/spread-out-02.mp3
62211fed52a289d6701081a52d9297db1b111df1e03a78039f74b4a52a982d1f	Assets/audio/voices/us/stay-down-01.mp3
77a315c1eb9a20ac488e3856b502b6f2eaa089bae732431d582e22bd69c7f724	Assets/audio/voices/us/stay-down-02.mp3
3fe01ae2ff61e7ec82cff41868ef24dc07301a21806ed6c35f61681c77b2f13b	Assets/audio/voices/us/steady-01.mp3
c64a21be2449a518f147a65301c9b31ae69a7e729132e6a54800316bf0e97991	Assets/audio/voices/us/steady-02.mp3
0c6df40f25c0772f9bed2c72eea820407041e6ed78036d722c8d952d60b14a03	Assets/audio/voices/us/strafing-01.mp3
1a5667999c9c985cd82af892ad314ef13c31c98e9e5c4c2cc447142c4d0129fc	Assets/audio/voices/us/suppress-01.mp3
a2432f41a23e845f3669c9e3b62f79e04f4ea346874068e25b71963d1b855292	Assets/audio/voices/us/suppress-02.mp3
bbd9be13677bad26496ad35e13da896812367b8ce6e3366c79519f591d6850d1	Assets/audio/voices/us/take-cover-01.mp3
eca45fc883e711b57e1a9ef2892930803877740fa4dab0b0b736dde88b463bfc	Assets/audio/voices/us/take-cover-02.mp3
d4af44d9cfc4357a2ad686294ddeb8466f37c3a8235aa0f7d700180041aa86a9	Assets/audio/voices/us/take-cover-air-01.mp3
1d83f98e22c91f6965e057efeb096f84e8a318a5b04613d383fa91781249a55c	Assets/audio/voices/us/take-the-shot-01.mp3
9174eb34625576286ae480c0a346c7453d1c9d137fbffbf69e8f45312965839d	Assets/audio/voices/us/take-the-shot-02.mp3
bc136c229ed7d2e690e195a31ffd0f32a896172209a876a6b6b1e826574e8f24	Assets/audio/voices/us/take-window-01.mp3
0e8f7a4402c895802408e567547dee93ccd45a5f1e830a4d3f0c61034f42e1b9	Assets/audio/voices/us/take-window-02.mp3
25721f214780a69e5e736a7e8901709de4a2ae9cbdb57a8a5db6da8bf2329b36	Assets/audio/voices/us/taking-command-01.mp3
cd9014f06a236d5e871b8113ffd93bb30d13ad8d6834bce1876f3e176273ca6f	Assets/audio/voices/us/taking-command-02.mp3
5c5f44917f2719e390de763a90dc0303589cd2d82834841691b56f146b3e2ce9	Assets/audio/voices/us/taking-fire-01.mp3
f321ca58b0b61cc183cbefc397e804331a0bcfc622cb8b4adb5373b403c26138	Assets/audio/voices/us/taking-fire-02.mp3
c7ffa104990b307fb47401f5d3f3c445f1dbe319883b3a958d599326bebc1e47	Assets/audio/voices/us/tank-spotted-01.mp3
47d2b1d56e3634284a23b38ab7430726ba8861774aca1991782f3e1985aba0c6	Assets/audio/voices/us/tank-spotted-02.mp3
c72c8d12d6c65dc2230116231dc4ccf96d2a14f4b4df3306c0092d14a412509e	Assets/audio/voices/us/team-move-01.mp3
5eb1bd6b9f55da40e598381c72537e36e8a14e1ff79f8a4c5754895494d47eed	Assets/audio/voices/us/team-move-02.mp3
c1e1cfa585ebea1c852c4b9f6f0dbe2d879ac3beb6c7d4ac989df85fc9138248	Assets/audio/voices/us/wait-for-it-01.mp3
5769384dd7aea4ae4014d2b32539695a30474c20e708ed4ec1b3b79d1e9eed81	Assets/audio/voices/us/wait-for-it-02.mp3
c9e3f1704694fec805a36398cdd1de4642eaf383d521a8eb39eeb9e2a9860f3c	Assets/audio/voices/us/watch-sectors-01.mp3
1cf7e7795f34ca9948fbf8a3f398d3bce65c98a52d3fc4f06d57fea0e46fa5f1	Assets/audio/voices/us/watch-sectors-02.mp3
21cb96582f60908f9d2ce1249b5fb14a1c23db841486f84f93209203076b6e00	Assets/audio/voices/us/where-are-they-01.mp3
2f41b7983d013f4e958d69af61ba34fc2b363e26628baceeb33d1839fc7ee2a6	Assets/audio/voices/us/where-are-they-02.mp3
66668f3aeedef5e8ba5f9aa04246e88c3f4e45cc78f1661a8c28da7f149df05f	Assets/audio/weapons/avs36/fire-01.mp3
dee9047502f8d1c2ebdc1a3119dc03085757e8f60deb620afe0d3c076cc5f988	Assets/audio/weapons/avs36/fire-02.mp3
1ad0f08e7bd006e0666140b79fe3853a7870af5ff83b32f9864dcbfd55a544aa	Assets/audio/weapons/avs36/fire-03.mp3
23a96ca4b6f0c0ca246cea17daa66bb5ea593ba050bdecc1422c30d6f97295d8	Assets/audio/weapons/avs36/fire-04.mp3
8e06bf1d87cf3ff76476384009ec823d247a74d720f2340601807b4564ce8722	Assets/audio/weapons/avs36/fire-05.mp3
30fb869d77b19a932baf9cf709e98b8c138a940e44fe979aae092e2d703261fc	Assets/audio/weapons/avs36/fire-06.mp3
f4e8b1e33726e0e0c4e1abb333153829d5c8a178945ecfd53ab7330dc24ac185	Assets/audio/weapons/avs36/fireDistant-01.mp3
4387e3bdd896fd0c73f8bdd2b4498f7412b8e17619c3cf87b6baf2f8c89bec83	Assets/audio/weapons/avs36/fireDistant-02.mp3
4632cf48882aac834c8ae23eb9a0791ce7b9d2067d5822fce3fa5b2b1179e479	Assets/audio/weapons/avs36/fireDistant-03.mp3
e802ec9e74618a237fcaa381bc40d62db5d70ba075a0a3fb317940344118489b	Assets/audio/weapons/avs36/fireDistant-04.mp3
8d9bf03c947c53c380f6af23d66de5efd2636f51c11a177a75dfbce25d7c3825	Assets/audio/weapons/bren/fire-01.mp3
58494bcda508db77c12ec03b87c844e75b7a4acc5f6f255b1703b56352e86836	Assets/audio/weapons/bren/fire-02.mp3
593febd35af422da13bea19ce4c162d3475365fd767761d97fc6de0990438fe9	Assets/audio/weapons/bren/fire-03.mp3
e717d5a637ceb4ec9f051252e1dacfb4330b8068531f2a7570d34b7a22fbfb00	Assets/audio/weapons/bren/fire-04.mp3
2253e5b6706fcbd1fcb55d3dbf84e1ff3f1053fa09db9237ae297d48d47f7d48	Assets/audio/weapons/bren/fire-05.mp3
d88490166064a8bfb1a375f78d7e37b3864cdb59e79e01be03d63d79be2cb959	Assets/audio/weapons/bren/fire-06.mp3
4fc655c665e9b6f1924e3de1d336b56d4ca4648b77dc65fd16314d9ca34f5f11	Assets/audio/weapons/bren/fire-07.mp3
7857bc50d5adc779e5d27886f245e91dc2d724e3cc2d0f736542635d54415420	Assets/audio/weapons/bren/fire-08.mp3
2405aa48e168f0899398d116cd6629480e516bf240ff36a871a933c97d3523d9	Assets/audio/weapons/bren/fireDistant-01.mp3
de42a0c4eb338c70557b0fae6687be8f9fddebd68c8a2394b53139f6f260418e	Assets/audio/weapons/bren/fireDistant-02.mp3
4129797e9c995396db928cbfae4b0b3fa65560f52cf6dcc5126fc657ee53de60	Assets/audio/weapons/bren/fireDistant-03.mp3
74721bc521c337915ffa20a9ea53be2c9d1c89240e0fb30adfee04d50dab6193	Assets/audio/weapons/bren/fireDistant-04.mp3
9a1702b09ca5917a8451588004d2d8f4546ea8ed59044a5cd6646aa754e4c585	Assets/audio/weapons/bren/fireTail-01.mp3
93fcbc35c9fba122932632e5c62edcb54a6ffdeb0abfb24630c3f05d32ae40be	Assets/audio/weapons/bren/fireTail-02.mp3
27f686af2677313ae38de87f772a027f5db6c531413e72b294d3f97bab536eb9	Assets/audio/weapons/bren/fireTail-03.mp3
833d5581e7ba7495832c5c28d6f7e2a37a3d4c6b000b699fa838e045f73f1c9d	Assets/audio/weapons/cannon-howitzer-m101-01.mp3
8ffa97b9cb16b6293e9f4fed2b013a9a6b00ad4cc78cfb2fd39f332d1fc7322d	Assets/audio/weapons/dp27/fire-01.mp3
5c7ae64a8bf46f4111691db8584ff11850e733d9eb7974196dd67c9c8c2a74e3	Assets/audio/weapons/dp27/fire-02.mp3
ca0dc23b29decf16c5c9ebf569216c5bbfaba636df028b34c052eab9af061d26	Assets/audio/weapons/dp27/fire-03.mp3
168d9a1f6d158405d5a39500c6b232f90734d721f2b9005b9a8c60d0c2c01032	Assets/audio/weapons/dp27/fire-04.mp3
fd0c3a4abb636f8b3fa28bd75a7b736aa05427c5d13a27f9fcd43fe7d2635ce0	Assets/audio/weapons/dp27/fire-05.mp3
6af42dc95fddb37e58bf37428293546a103d21d1140471bebac0a0487c67b11b	Assets/audio/weapons/dp27/fire-06.mp3
016a2ff1dff597169c3d5b0e3115c13829ab18af32c83b020c30137f87327a51	Assets/audio/weapons/dp27/fire-07.mp3
17fc99cd1c2c0a68e2523632048d1d8db89ad6045347da04e124fde71526b6ae	Assets/audio/weapons/dp27/fire-08.mp3
e61f8c75f8f7c89e5638467ebe335f49aea084e8d0e463b0f89d564fd8b85390	Assets/audio/weapons/dp27/fireDistant-01.mp3
de364a03e18b1e4b3caaaebed6e4ee6b2980c71a27cb04ec6c2e54e3b6b1682e	Assets/audio/weapons/dp27/fireDistant-02.mp3
73f12b8aafd85060fa0f9fb8f11169b4771d534716f5634a1a3d7987b2fcdf25	Assets/audio/weapons/dp27/fireDistant-03.mp3
dc8dc97a5307186e1e052e790054cc1eae6a9ca50ccfcb09ff72a25e1529239b	Assets/audio/weapons/dp27/fireDistant-04.mp3
d19803ce530548d4cc06c27bef44a11d7fa0791f4c04881f00232d412cc95d25	Assets/audio/weapons/dp27/fireTail-01.mp3
06ddafeffa83c110f1287ba131d64bdffff4b032d9a3d246c85ea259a86842df	Assets/audio/weapons/dp27/fireTail-02.mp3
1f9423d22406cbd91f16fdce3b6f8a0f2a02f043a1cda4f18765f7f7f53722c4	Assets/audio/weapons/dp27/fireTail-03.mp3
80207628adc1a839f9a287e058b32a203b1080b6f22c8314f43e818fd60d1b15	Assets/audio/weapons/fg42/fire-01.mp3
73a3809ad7214c967c45be4d87bd26acff11599806aaee3886a8ad6813e84270	Assets/audio/weapons/fg42/fire-02.mp3
7f489d00c4e1ac8db31d5e1194d231edc840f84d03392d02d6a5f62fa1d8cd91	Assets/audio/weapons/fg42/fire-03.mp3
6512bb36b8a9ebbbc43e288f260ede15516a7319e104922cfa1c31612a227f11	Assets/audio/weapons/fg42/fire-04.mp3
6e13a905b4c5ba62f1a98a9f548bcc0465a8ba82f607e50c93309a52bd70c742	Assets/audio/weapons/fg42/fire-05.mp3
b4d3a369e2871fc55d1f91195b341e9cc19572c67e155426d3dec460d34ed79d	Assets/audio/weapons/fg42/fire-06.mp3
0bf33a7108cf0ddb4858d5bff9c2f3db7b79b25dc8fa1feb5aa498cd46490d25	Assets/audio/weapons/fg42/fire-07.mp3
f94dfe07d55f9e543c35572b520ff9693b853a4f99184733dee785b7f3e66bc8	Assets/audio/weapons/fg42/fire-08.mp3
49efa0ec1b8434cbfd35e3c19692f79a7f8fe91bacd744a493415a281fd0a218	Assets/audio/weapons/fg42/fireDistant-01.mp3
0577a5991aa258b5d7b1f4350acc440f3e63359f05e3199712028872e23cd7ef	Assets/audio/weapons/fg42/fireDistant-02.mp3
0ced0fa17c88dd59345f886e85e2ee958b412a0beb6258114609f4a10f9ce1b8	Assets/audio/weapons/fg42/fireDistant-03.mp3
b1408aa6e23842046b39623f098bb5e341b43d2369ac6390cf25afb10e56ae8c	Assets/audio/weapons/fg42/fireDistant-04.mp3
62019d1cfcdf32c1f5468affcfd58d9ca57b357a90e990b4e5338c2bc1a61199	Assets/audio/weapons/fg42/fireTail-01.mp3
e678e6fb7c57fa8843cc3790246c9cf4ac42b46a4268a137a589d69d18f07e90	Assets/audio/weapons/fg42/fireTail-02.mp3
d613b4e5bda0829bf3c0f005b81d717f7cfc61a6598dd47912974eac86d76b57	Assets/audio/weapons/fg42/fireTail-03.mp3
8068d460fe58a15c63c3df74111914780a7a67d810d1dbef457e8f31aac964f3	Assets/audio/weapons/foley/avs36-grab-01.mp3
438829f6445d7fc846d3e4dba369da5447f5a0b51f17e2cc6d3a18eb0367bd73	Assets/audio/weapons/foley/avs36-grab-02.mp3
8f81cada22bc1374f6586d0dcb22bfc06e142ad4b6c5e6fee6b414afd54ef715	Assets/audio/weapons/foley/avs36-grab-03.mp3
3fd0d767616cf8e48d477df41e61677fb5fcebb2b8b71882eacf75e23fcc1750	Assets/audio/weapons/foley/avs36-handling-01.mp3
5cd946239c3f0f2e56ca11aad316b046a25d4f4b0ee51904ab833287351ddf86	Assets/audio/weapons/foley/avs36-handling-02.mp3
8d6bbe54dfb79e0049b800b7e89448d2838d97ae9e264d53ce937ea7d2a344a2	Assets/audio/weapons/foley/avs36-handling-03.mp3
4280e7dd5ccc84f9cab64b4f57ed0ac2962680e7d7bf007d13193a70d230710d	Assets/audio/weapons/foley/avs36-reloadCharge-01.mp3
2616617b1fe587c251c9e6a0bebb245f1ffb96f2395459b791ae11591bee1e4b	Assets/audio/weapons/foley/avs36-reloadCharge-02.mp3
37064fd5458269679ce175c8d545ab9c9f9c3f4e07deabec9ab55fc218a3d965	Assets/audio/weapons/foley/avs36-reloadMagIn-01.mp3
a34ee96b1f75792054debf03d55d5126404003208e3d26e159a00ab3d646ba7f	Assets/audio/weapons/foley/avs36-reloadMagIn-02.mp3
678b1a662fef99d498c2ae61fa569048879539af3c200dd6aae8775a9f123256	Assets/audio/weapons/foley/avs36-reloadMagIn-03.mp3
13c608e13479ba26040e849454b7d7879363863f3c592a43c27a7c172f1ab59f	Assets/audio/weapons/foley/avs36-reloadMagOut-01.mp3
8afccd58027e9d19dbbe21b3600638e5fab808c12a70ddb8fd6f1d31281190db	Assets/audio/weapons/foley/avs36-reloadMagOut-02.mp3
445f0a4cb7b6a5ed57564bd4fdbca3847bb264dcc6a38b2042d5874763247512	Assets/audio/weapons/foley/avs36-stoppageClear-01.mp3
5de573eb92587c7f8fec389b3701f31624ac8a139670ec3c10822a23325c728a	Assets/audio/weapons/foley/avs36-stoppageClear-02.mp3
064e103a0bade9412360895c3c51248fc246fb2a8cd141d9921381aa7ff3c538	Assets/audio/weapons/foley/avs36-stoppageClick-01.mp3
5301654a0ed53cf8a1d333d63cb5e6d6d9bd036bd87de368dd2880bdc57be073	Assets/audio/weapons/foley/avs36-stoppageClick-02.mp3
ae9274afb35b0abb401d009e18d895b30702722bce7e6fb508ceac12ced0631b	Assets/audio/weapons/foley/bren-grab-01.mp3
8bdd9f449c925942be802e7aa2018bd89d12ecd024c6c7cb1768165b6173c701	Assets/audio/weapons/foley/bren-grab-02.mp3
79a7cb986be8f57d3fa6eddf4ba296f1e67512200596230e48decf56c26b2a90	Assets/audio/weapons/foley/bren-grab-03.mp3
d1030942e8124b0487afaeeac2344ac715445137657357a906ff87c132940034	Assets/audio/weapons/foley/bren-handling-01.mp3
a309566ebc9fa0f501663051e60d4146ed38d41aa5441ba5340b5ac9af91933d	Assets/audio/weapons/foley/bren-handling-02.mp3
221c3c7a30ea88dfd902589a5bfe1214d3ec81547c880814b58ab61f5db4801f	Assets/audio/weapons/foley/bren-handling-03.mp3
6820ad851b540d9d0d4c60d7e26a3fc59d0e4765cfc276d179b46d6fc0027de7	Assets/audio/weapons/foley/bren-reloadCharge-01.mp3
0ebb8fbfa21dd3da203fab49d47a153a9024eb0aba5e210e35882c7ebd121893	Assets/audio/weapons/foley/bren-reloadCharge-02.mp3
8567c549a7f65ba3fe4e35237401aba2d8bb1a44279fe36ea2b21ca5a35ef230	Assets/audio/weapons/foley/bren-reloadMagIn-01.mp3
ed323e54a39726504c8c2795bf5fd14cc97720ccb816aebec796d4af8daf4f6d	Assets/audio/weapons/foley/bren-reloadMagIn-02.mp3
689706f27dd9b984a48094aa9b6874289cd869ac584d4a2cd46888f9ec25502a	Assets/audio/weapons/foley/bren-reloadMagIn-03.mp3
de1032e1ea87300e655888a43f90ac827c5b342fd82b5056750a37cac34577f5	Assets/audio/weapons/foley/bren-reloadMagOut-01.mp3
c3d7f65b25f247673694722a8c7180657867833d94a9a712114b659b21998f0d	Assets/audio/weapons/foley/bren-reloadMagOut-02.mp3
48fe5b9b9770c2df301a2975ae4a4fbb07c2d6e88956ff057571bd9ebec250eb	Assets/audio/weapons/foley/bren-safety-01.mp3
4aab4a84542619e0758c73379d90d10253d3319fafe1c310e793977637bb63bd	Assets/audio/weapons/foley/bren-safety-02.mp3
b7d0660507ed5deaa18ca7242f23ac1813aa0147b422504acd6bd91856ba8272	Assets/audio/weapons/foley/bren-safety-03.mp3
370fd5b93175d9259c8d1f7cc1c7c1c23bd38b55567e2cebcf7d82736376e34d	Assets/audio/weapons/foley/bren-stoppageClear-01.mp3
793bb5891fc963ed61a561521e060185758e0277373a7ad44a9eaeef1a9c70e8	Assets/audio/weapons/foley/bren-stoppageClear-02.mp3
c1a899851e5c4a0b8e1238b0cee037c33162f455bc0428196c1dce869a1e8347	Assets/audio/weapons/foley/bren-stoppageClick-01.mp3
9b83b585f3aa6638387de2034fda945a6de357a5febc788fdf06d981f28804b9	Assets/audio/weapons/foley/bren-stoppageClick-02.mp3
9cd56dc1e383327e6e788d88cdd30b380f0ad0f641c50dfa57e58a999797f27f	Assets/audio/weapons/foley/dp27-bipodDeploy-01.mp3
b9d60dc1534f59982dda972dc6f0282d5b4f626d732f50ddf74b712a1c239eb6	Assets/audio/weapons/foley/dp27-bipodDeploy-02.mp3
507dda5f4d4f7be2386260870aeca9becc2656995b5299508ff1bff0eb610a2c	Assets/audio/weapons/foley/dp27-bipodFold-01.mp3
d521f79451dbed64aa31791d5dd73c7c09cba91220b2cb8b7d4fa74e28c27a8a	Assets/audio/weapons/foley/dp27-bipodFold-02.mp3
2b46dc85c2deae5a2be7836441dbf7842668db92678c0af1c9a28323d5d5fbeb	Assets/audio/weapons/foley/dp27-grab-01.mp3
36990421b207faa4747ecd99e518c6de74d55b0de29f33c456a6ce36d820b133	Assets/audio/weapons/foley/dp27-grab-02.mp3
aed3d1041d482425997f292cee6e1785c739f3bf373b3b20babe797c79beaf30	Assets/audio/weapons/foley/dp27-grab-03.mp3
9202a1e5098a24964a01550aab9e3341b2f67f03bd22939641ed73e9099f7552	Assets/audio/weapons/foley/dp27-handling-01.mp3
c5155aec7e9fb49ad939e2aa991c4dbe5d06a3e4b57ada0dd2ac6ad18ec0516d	Assets/audio/weapons/foley/dp27-handling-02.mp3
eff8dc4f48939dfb7155c0c76c2cc9340edb00a284e2ab9d34238a465e4c287b	Assets/audio/weapons/foley/dp27-handling-03.mp3
8e8cadd13583eef4e630e05225d0c3c9dcd51900fbb5145e91103d7de983f446	Assets/audio/weapons/foley/dp27-reloadCharge-01.mp3
50a15c098d7eaf607389dad4bcc167398153fcd1cda1a2966146c3d6667aaeca	Assets/audio/weapons/foley/dp27-reloadCharge-02.mp3
5a3877cc4d4d176bf4020902b41722f01e74ba6b83eaa497860a5b8359716690	Assets/audio/weapons/foley/dp27-reloadMagIn-01.mp3
e2b3affa7d1d39c8464cf818d80f85a9e86579f2e5dc68ac87c56255231ebe6c	Assets/audio/weapons/foley/dp27-reloadMagIn-02.mp3
044a9fa9215ecdbc2bc05c6c00699fa9721ad2e91baf5448cc330afc2fd35def	Assets/audio/weapons/foley/dp27-reloadMagIn-03.mp3
f79996933c750622c1eb8cbb4f9dc05e864908033b95643ad543b6ca865d8051	Assets/audio/weapons/foley/dp27-reloadMagOut-01.mp3
f8160283bd20d0f03389acf1c3a494bc49486d182b767af012d0fdfbc53a6758	Assets/audio/weapons/foley/dp27-reloadMagOut-02.mp3
797f97e27c92addd8387b0fc466a09b4a95bc28d251813e16407825778806ae9	Assets/audio/weapons/foley/dp27-stoppageClear-01.mp3
76b38089df06fae806cc2fcf2e6cb8bdc7f019f229f1105d47691449568abece	Assets/audio/weapons/foley/dp27-stoppageClear-02.mp3
e686d2ac62a54340ec595294f512dd395bd8c6f752753c721f170cf8791cd8e5	Assets/audio/weapons/foley/dp27-stoppageClick-01.mp3
4cfcc93cb074b41b5807e5608ee4c18ca44cae265f130cb9f8b7739b7b410fbd	Assets/audio/weapons/foley/dp27-stoppageClick-02.mp3
9bc558858504a0e18f42a67e72c00d163138da5ae90a580de93a6fbebe7181cd	Assets/audio/weapons/foley/fg42-grab-01.mp3
84ec5fb35035f80d6275e2bf3485ae25064672af92383b8e639586671a161e2a	Assets/audio/weapons/foley/fg42-grab-02.mp3
f2c622dc1a137f0c921f69d2601080f061a74bf13098c75a2013672fd836b747	Assets/audio/weapons/foley/fg42-grab-03.mp3
65084ac97e3691da31a5b3f6cdc2570538ef3ca763965ce25de6e42d6d9f2465	Assets/audio/weapons/foley/fg42-handling-01.mp3
c956c88e243092ac15a9f7276f4a0e55eb3635a86ba706ba93cc8ecec2b4fc1b	Assets/audio/weapons/foley/fg42-handling-02.mp3
4a1e8165adaacb9eea019703c2f9f2ecc8e5ad3dd894028fee005c124930c1b6	Assets/audio/weapons/foley/fg42-handling-03.mp3
244dd62bdf49ad908051ac11373cba8a33a8fa446c7debc3f1a3c3c9e3713ca6	Assets/audio/weapons/foley/fg42-reloadCharge-01.mp3
f597263a30444ae73cd74fc73b50588312d0b4f1cbb86d025411fa8c5edab717	Assets/audio/weapons/foley/fg42-reloadCharge-02.mp3
5c1645831b5ffc0ac533a0361529a7939f8bda4843838b76f1765ede579af365	Assets/audio/weapons/foley/fg42-reloadMagIn-01.mp3
269b378978cfe822d86f9fc8ad20bc9864d899cdea0f69d369d214950121de1e	Assets/audio/weapons/foley/fg42-reloadMagIn-02.mp3
cbe61d3977173b5b7dc8b91c9307946b12c2f3cd59b6463184e40c94ec7cc0cd	Assets/audio/weapons/foley/fg42-reloadMagIn-03.mp3
35b75cc4f2b9a26fa47387c53ff08ed7c78d0fad85f822f0537e744a7a356e78	Assets/audio/weapons/foley/fg42-reloadMagOut-01.mp3
7956207e0de2311998b6fc0912c09299ac12f2e05b4f42c0ce0f0824e42dc30a	Assets/audio/weapons/foley/fg42-reloadMagOut-02.mp3
6fbbbb0e72b192b154899a2fc0a5eb542a885830d5c612296df6f38751079887	Assets/audio/weapons/foley/fg42-stoppageClear-01.mp3
f7e8cf73c5a2e2215745a558a6cc8ffdddbc4813717a4ee3ab9248e1edc9a947	Assets/audio/weapons/foley/fg42-stoppageClear-02.mp3
7d678a2516b9a2afa2ebfd106a7fc77b26fac44b623cd53bbae462843dffd27d	Assets/audio/weapons/foley/fg42-stoppageClick-01.mp3
258dedcc6d8cfb4f0dc23f477372ebdebe7150bf89b96708464dbf0b12bdc004	Assets/audio/weapons/foley/fg42-stoppageClick-02.mp3
47d7011c6b7d70021145aae32d7d9478689c0c5290bf8e0355dffbf9c4dcacb8	Assets/audio/weapons/foley/g33-boltCycle-01.mp3
d02cb95581ac86e016e2e30f7100d8ddf868d2cbdd1ebbd7c90a3253a549a15c	Assets/audio/weapons/foley/g33-boltCycle-02.mp3
e9ca35d68b26b1756b6cf688a570f017ffb8fecd0ed0615daa96a8eedb0aeaba	Assets/audio/weapons/foley/g33-boltCycle-03.mp3
80d74a4a65a7e38cb54477cb3999c700e8d320eea864d47675eb54b6d118ae07	Assets/audio/weapons/foley/g33-boltCycle-04.mp3
9839ccb405ae3fec9244768dfd8cb26660dee293992d4fd8c241b0a03b745900	Assets/audio/weapons/foley/g33-grab-01.mp3
bd1e2eb8bb316dc898913daba906fee503d474672aade15c6153cf7e10e96f42	Assets/audio/weapons/foley/g33-grab-02.mp3
d6198338924e8ae7a7a1d13b7de6a7fc3551b2e447a5b8146ef38be2d1cf02c1	Assets/audio/weapons/foley/g33-grab-03.mp3
be2d84cebea5c3098a549f772e937745c256ee7e2911344ae0576c632630dea7	Assets/audio/weapons/foley/g33-handling-01.mp3
778c14d13d221a5a36c9c01ee6978151a5e23922aedf1ed78f1035b8abc60141	Assets/audio/weapons/foley/g33-handling-02.mp3
7f3b7322340906ba396e6c9d13354ec3577d65ab3833c31a24285a4868153d5c	Assets/audio/weapons/foley/g33-handling-03.mp3
2c62e854607523ef9316b95813723a15c6eb1b52aa95878f67056c42476b73d8	Assets/audio/weapons/foley/g33-reloadStripperClip-01.mp3
0ba9eab2399c003c640c0677e4b740324eb251719b3387c33e3c3792412b4a44	Assets/audio/weapons/foley/g33-reloadStripperClip-02.mp3
96ea1640f5369868a4c85e8de50b0d451149c866576d79c8953ae1a7fe4f0d06	Assets/audio/weapons/foley/g33-reloadStripperClip-03.mp3
e9ca35d68b26b1756b6cf688a570f017ffb8fecd0ed0615daa96a8eedb0aeaba	Assets/audio/weapons/foley/g33-stoppageClear-01.mp3
80d74a4a65a7e38cb54477cb3999c700e8d320eea864d47675eb54b6d118ae07	Assets/audio/weapons/foley/g33-stoppageClear-02.mp3
f1165a78b90088f4b9563639225e220550e8741feb5d9aa4971c3e27c5f2e4ae	Assets/audio/weapons/foley/g33-stoppageClick-01.mp3
db5c9ffebb86dad0f58660eed20b6a6c148e839ea18249a83f5f90a7a778db5f	Assets/audio/weapons/foley/g33-stoppageClick-02.mp3
40ac8afa00da05805a4ed2792a3eb2afaee10c528a0732608fc73b13bcae9d07	Assets/audio/weapons/foley/gewehr41-grab-01.mp3
cab6c8cd9cd50055018a62147d5f6180d5a780504524589913803da0df5ec677	Assets/audio/weapons/foley/gewehr41-grab-02.mp3
e0c0791222ec29083d9f309454d3dc15584677f00cf63ab6f91dfa479dbce8b0	Assets/audio/weapons/foley/gewehr41-grab-03.mp3
70095b59677ec2d86bb27af76e6340b09de51349f691197b6286d383657d8bdf	Assets/audio/weapons/foley/gewehr41-handling-01.mp3
b9926ec63a5d6644f810189ee0a306defa7ab51d2478e80db64faf09f961a015	Assets/audio/weapons/foley/gewehr41-handling-02.mp3
3328b45824d9ccc3dc65baf7ea205d4c84d4af4d09f764fe6a22cf9057100e8b	Assets/audio/weapons/foley/gewehr41-handling-03.mp3
d9666c9a655586de5329a223b50638520106753ab4a861b14e2d3687f81f2959	Assets/audio/weapons/foley/gewehr41-reloadCharge-01.mp3
27b1a7b679ff45d04e094898e4a2d1a3597fb517b474821a0a794a02df387672	Assets/audio/weapons/foley/gewehr41-reloadCharge-02.mp3
89a877ed5d3f9746921dcbf9bb07d7c9c26148bdb5687c1ce6a4b6da119f1621	Assets/audio/weapons/foley/gewehr41-reloadStripperClip-01.mp3
136629d5338c40e5c920caeb4f99db914f155ef727c0f7d333139011e7f40e16	Assets/audio/weapons/foley/gewehr41-reloadStripperClip-02.mp3
02111957a241f5be293a4201239acd8783113e0053ef877aa88708d91e54e52d	Assets/audio/weapons/foley/gewehr41-reloadStripperClip-03.mp3
cc22546b1964316d7f2200b7190273ede9ac2debc6d5f22f9366c85c449ea5fe	Assets/audio/weapons/foley/gewehr41-safety-01.mp3
d92e36b9bae8469964578dbb4d21ddef006a70f9281e077326bf9dc6b2ecc62d	Assets/audio/weapons/foley/gewehr41-safety-02.mp3
394bbb8d451b521309e715c0b1996271dcdac30c9c273eedfbaac94b407222ae	Assets/audio/weapons/foley/gewehr41-safety-03.mp3
edaa3cda708797024d719c8734e6fcea9068a4d5558d1137c4440deff3d3ff67	Assets/audio/weapons/foley/gewehr41-stoppageClear-01.mp3
ec588c7f0617c499e70a3e9698f24b2dbf35f446e7d0d47f07fda9cb56994c2a	Assets/audio/weapons/foley/gewehr41-stoppageClear-02.mp3
20276c01f17e72df0f4bf57c58a0d3375ae8da893aa59b370b5cc052deb17279	Assets/audio/weapons/foley/gewehr41-stoppageClick-01.mp3
02943a705e8aeff3f1e25919599aca0da43131011e843f132f7e100603a38827	Assets/audio/weapons/foley/gewehr41-stoppageClick-02.mp3
f38468d6c0757eb93134a45619e6075f6961682e8288b20b020dfe03b5bfe8a5	Assets/audio/weapons/foley/kar98k-boltCycle-01.mp3
19cfd6d8d956bae8bfeb8129ee14807f26773ee3aaadfaeb7901f1fbabe3cba0	Assets/audio/weapons/foley/kar98k-boltCycle-02.mp3
9e821bbf629ceda55b6f6f4fa923cb33e26cbf438869833ea5e0bdd0245dd44d	Assets/audio/weapons/foley/kar98k-boltCycle-03.mp3
cd60ab861f5ada6724f3343b670a622cb28f05f19d3d2de9579f6916149be8f0	Assets/audio/weapons/foley/kar98k-boltCycle-04.mp3
eabb600712dd237a41d6f5a0dcb43d56a4266be79b08f2550cf5397115862812	Assets/audio/weapons/foley/kar98k-grab-01.mp3
41ce0241debdc9ff4a0768082df3941303be8c521e644affb329f6cdd344e529	Assets/audio/weapons/foley/kar98k-grab-02.mp3
3db58bdf752c06d34281448e40945a3818496cd3d4d35be376e0fc6c5d33c3ba	Assets/audio/weapons/foley/kar98k-grab-03.mp3
f0a277d14250ad3814eedf73943a364e66faa7fcb8755329d2a0a78a9115f287	Assets/audio/weapons/foley/kar98k-handling-01.mp3
4b11f0a90065de85c13f00dce9ac9c5785e0a5bdc5d3eabc3d92811065887b1f	Assets/audio/weapons/foley/kar98k-handling-02.mp3
9ac14b2ba4fcb63b7882067be1a961ac1dc9df3e42cdb9eba51ba2dec49547dd	Assets/audio/weapons/foley/kar98k-handling-03.mp3
f521b1b4a0dfadc6875b7caf3fd8094af22793b6936baa655efb40749348cd02	Assets/audio/weapons/foley/kar98k-reloadBoltClose-01.mp3
985e4cafdcccac5ef2865aa615ef51325f634e2d8fe260c1ce45df6b11b51b41	Assets/audio/weapons/foley/kar98k-reloadBoltClose-02.mp3
251191d1e93c58549c1b1d67cd84dc1da8bfceb1076b292a72409cc21f7375ef	Assets/audio/weapons/foley/kar98k-reloadBoltOpen-01.mp3
003d8ef28d75cb3a87e9217a16e69424b8b39ba9c83f50e47edcea42494cacf7	Assets/audio/weapons/foley/kar98k-reloadBoltOpen-02.mp3
034addf18e7b7c98231f86a8f8d7ee925998c21362e7b0989377ba937f0fbbb5	Assets/audio/weapons/foley/kar98k-reloadStripperClip-01.mp3
a9bfdfd7f721d3f4f755802cd48cc1d38d4ab8ec22118a69a753887197cae149	Assets/audio/weapons/foley/kar98k-reloadStripperClip-02.mp3
ae4c5c54cf96034ea993895ef94ca92dcf8b925861f81d4cb3b051ca2eac1172	Assets/audio/weapons/foley/kar98k-reloadStripperClip-03.mp3
1ea1fb7fbd3d6c170d78f71a6caeb18bbd9b44812ee6e407e59ca57818feb66e	Assets/audio/weapons/foley/kar98k-safety-01.mp3
abf294a8e32910669853a83e35324de429196d9cbe96929093d8111cc2202c8b	Assets/audio/weapons/foley/kar98k-safety-02.mp3
f434fa66d6da553d7cf7c2f41fbb3cc22c35859b5f11ea7aa25505fd420b949c	Assets/audio/weapons/foley/kar98k-safety-03.mp3
9e821bbf629ceda55b6f6f4fa923cb33e26cbf438869833ea5e0bdd0245dd44d	Assets/audio/weapons/foley/kar98k-stoppageClear-01.mp3
cd60ab861f5ada6724f3343b670a622cb28f05f19d3d2de9579f6916149be8f0	Assets/audio/weapons/foley/kar98k-stoppageClear-02.mp3
f22c4898a37c519353d5900849eb32203708db23cf2b891a8800e33041d47491	Assets/audio/weapons/foley/kar98k-stoppageClick-01.mp3
418af5ba1713148ea882fb1b0d99fd2aebcf0bb6e9b8e0cb8f95e7ee3747a4ff	Assets/audio/weapons/foley/kar98k-stoppageClick-02.mp3
048a0f7853c13048829e11ee0eac6d13d51016320d81cf962e0a8dae3951de5a	Assets/audio/weapons/foley/m1-carbine-grab-01.mp3
8910511a2f0308c28cff5afc5ff878a70afa1c11ab30259bb4206bbf2e86640b	Assets/audio/weapons/foley/m1-carbine-grab-02.mp3
11678c675dcc00d9b57c665e2cd0e981c03e3281f0de0ef4fe5b4ecd6f87b2b1	Assets/audio/weapons/foley/m1-carbine-grab-03.mp3
538220bcf751827984f9eb4e3e97133393f2ecb882677018cb3c3e96600c6a94	Assets/audio/weapons/foley/m1-carbine-handling-01.mp3
f903862fc2d89635dd5dd232815ce4c42c4fa46d83f8d6ad54b9538e4e650e51	Assets/audio/weapons/foley/m1-carbine-handling-02.mp3
28b69559e03cc7ac9e4d4c3e97657e83b82457d3624da0c61509007e489d212c	Assets/audio/weapons/foley/m1-carbine-handling-03.mp3
1609fa78f229da442184853e2f811108663723ed63fea2e491c861daad997a95	Assets/audio/weapons/foley/m1-carbine-mode-01.mp3
5dee8b279868efeaa11b0d082930d54302dc8df99a9dc8a7736ef9e34c11cd80	Assets/audio/weapons/foley/m1-carbine-mode-02.mp3
0ac7f2fbcc789a1bd6ad02e0db70ca0dfa60dd98f8ef21d18c95e8d119866dfc	Assets/audio/weapons/foley/m1-carbine-reloadCharge-01.mp3
708c86c91bb3221c3f978c9f4bbec9976361b13834baecaeccab38cb8b0012f1	Assets/audio/weapons/foley/m1-carbine-reloadCharge-02.mp3
43c82aad97be29a330929ad9532a5e7c903d32ced3cd1fde4cf8b142d371bbac	Assets/audio/weapons/foley/m1-carbine-reloadMagIn-01.mp3
344f0d77613c8b110b5420d56ba2cd275e727384ed34f1543d15fa83d7555932	Assets/audio/weapons/foley/m1-carbine-reloadMagIn-02.mp3
036252ac9613c226b340f008a56cd61214252d7082e1189d391cba5a470cb2e5	Assets/audio/weapons/foley/m1-carbine-reloadMagIn-03.mp3
fb6c831078c46b7b8337366b4f2257bce2f8d9f3a2e3d1547e52eb91836ac414	Assets/audio/weapons/foley/m1-carbine-reloadMagOut-01.mp3
aaf790f298ac99a37c17ea4f42d83d09d7543d218b880d8f149e5c20d3f370e0	Assets/audio/weapons/foley/m1-carbine-reloadMagOut-02.mp3
f2e5248578cbe422648816564463fb189ea8ab27748c95f3410e41019855b23a	Assets/audio/weapons/foley/m1-carbine-safety-01.mp3
970e58d7ffca668359e2c3f0cd398eee19043c51c268056fdfb1803eb9648911	Assets/audio/weapons/foley/m1-carbine-safety-02.mp3
579a1bd671784864ba0c6c2553447c67b6cf5806d6215853e51999eae74f2bdc	Assets/audio/weapons/foley/m1-carbine-safety-03.mp3
93317464c0031f15eb10f98aa9825d60e2fff84230bd0946399e72d74da8ec39	Assets/audio/weapons/foley/m1-carbine-stoppageClear-01.mp3
74ad05fa8aa913c74b4dd008cd1b02884a109b37d2f4d6dada8db18ff34fae75	Assets/audio/weapons/foley/m1-carbine-stoppageClear-02.mp3
5f0320c16288ce46ff5e892dfcac24a918bcd46271f6bd37b212f63ecd0896b8	Assets/audio/weapons/foley/m1-carbine-stoppageClick-01.mp3
70b9ac107ea116d23bfb8eabfac0e78aff3739e2affa3894d93a5d8d4755b062	Assets/audio/weapons/foley/m1-carbine-stoppageClick-02.mp3
5590d55f9129135de00adef0c797c5cc59dd5a92fe53ce18fba62af1a2342da4	Assets/audio/weapons/foley/m1-garand-clipPing-01.mp3
4cdbdb8ae059e33123019993dd3a30b008cfc92c668c41b84cbfbb20ba15c939	Assets/audio/weapons/foley/m1-garand-clipPing-02.mp3
d748ed652c1be1334d0a6046db33b5d143aa5976f3c82433db79ff197ad107cb	Assets/audio/weapons/foley/m1-garand-clipPing-03.mp3
5e87c3aeb25e9ec53b7e11eefdd91b68f27069af4e2757781e8ac0e48edc40ab	Assets/audio/weapons/foley/m1-garand-grab-01.mp3
446195ab5e4dbcb7712d127bb3bf7ae5e2271d22ce7a1e447191e74ea7040042	Assets/audio/weapons/foley/m1-garand-grab-02.mp3
8ae5d2adea5141890dbb22704843a4303f41e9c54eb5b3d505c9b9c2d19825b3	Assets/audio/weapons/foley/m1-garand-grab-03.mp3
b4fadc113ec4ec7557d23f60e03005fbd44658153632a5fbcc64965c64788d4b	Assets/audio/weapons/foley/m1-garand-handling-01.mp3
b9ab212e9699184f17f7aa530b573a9a5110f882b42e99cb8738d3f3b59bc9f0	Assets/audio/weapons/foley/m1-garand-handling-02.mp3
ee359016f78a100b051b2d6d6bdc3a3160208915cf3c3bc6df2f8a1a544d7f1c	Assets/audio/weapons/foley/m1-garand-handling-03.mp3
203c51832fc9d04ed980ea9bc4ccf596aa7300a1f07f4bdd9ce0739ab4985fc2	Assets/audio/weapons/foley/m1-garand-reloadBoltRelease-01.mp3
1c004e5c56f66b9deadc70b100151e3fcc93418d0abb2a05dda4f1a94e2ccd3e	Assets/audio/weapons/foley/m1-garand-reloadBoltRelease-02.mp3
9012a0493221a08d335a9d319e77a41d15e07fc89315dd0744af8596d2af4732	Assets/audio/weapons/foley/m1-garand-reloadBoltRelease-03.mp3
731e946d9b05d8d8f65ec1e427d4831e2b0dc98087b8534d28f282150cf78865	Assets/audio/weapons/foley/m1-garand-reloadClipInsert-01.mp3
92a4c36908f34441ab2a596e152a38b4ddb7fb3f32f595279ecf89ab8c935fb1	Assets/audio/weapons/foley/m1-garand-reloadClipInsert-02.mp3
523e89b5939950d684b7b85f385431fbe56819f3b85936a30c998bc25f0587d5	Assets/audio/weapons/foley/m1-garand-reloadClipInsert-03.mp3
0119c522543e009fe778c336375026f80e3ed88196d514463e415ccfd3f5552e	Assets/audio/weapons/foley/m1-garand-safety-01.mp3
ca7c464b922a815b79c70142354bc0fe9793f402036ffe1f995f57dd8b7d046f	Assets/audio/weapons/foley/m1-garand-safety-02.mp3
ad593bb3c9759293fee26a6ff54891665955f4befb3d6c851cf96019848866e8	Assets/audio/weapons/foley/m1-garand-safety-03.mp3
edb68d942d27796aa7f47dcf16bcac9fca3349b271dacab90d981d351201baa7	Assets/audio/weapons/foley/m1-garand-stoppageClear-01.mp3
164b5ad36522a2ba775972280803e983dd7b5f841171bf8931850ec8d71428ba	Assets/audio/weapons/foley/m1-garand-stoppageClear-02.mp3
56bcedbdc8dee7a3b890b69b71a9f2b3b0c1ef0b2e5327e47e1e623f57114a79	Assets/audio/weapons/foley/m1-garand-stoppageClick-01.mp3
9c5d1f364e006bf50c80fbefd16ff8d196aab6a63561fe22f3e0ae80d10f3b5e	Assets/audio/weapons/foley/m1-garand-stoppageClick-02.mp3
92137fdbc3b07b2236b2c32b120b3f4bdd5ee3781939c0361d4801f901cbbc1c	Assets/audio/weapons/foley/m1911a1-grab-01.mp3
9262c8b759878fb51dc02726025d62097541f4e545306b6777707f076150c9ef	Assets/audio/weapons/foley/m1911a1-grab-02.mp3
f579f196cabb8ad14efd709fa0e415359ab85a3b03ee880bfbebfcba1e60af82	Assets/audio/weapons/foley/m1911a1-grab-03.mp3
07939e107a7c98b0160b15fc2aec63c1af1c33ea3debf037db9ba43a5f7bfd2d	Assets/audio/weapons/foley/m1911a1-handling-01.mp3
4d125d8eef82eaa35383de442506ed3633d3a0ec64d58273022a9c8cb453c8f5	Assets/audio/weapons/foley/m1911a1-handling-02.mp3
f1779a51fea6410d566ccfc604cfca8dc8b43713aa90ff82f340359629d181dc	Assets/audio/weapons/foley/m1911a1-handling-03.mp3
cea9d818ed3f8395d8a58e2051f07fcfe1328b12c8fd7a5afa59854125e9d416	Assets/audio/weapons/foley/m1911a1-reloadMagIn-01.mp3
ba1980c6b288667642a4302c8427b23e004a952e328bbb4e8f833594705c6c2b	Assets/audio/weapons/foley/m1911a1-reloadMagIn-02.mp3
670b0e6df78ed69c535e0290ccff95c8b6a91a4244f6b23a081703ef372b4243	Assets/audio/weapons/foley/m1911a1-reloadMagIn-03.mp3
ad6cb2ab2cb3bc83fd163430cd7250eaa5e02981c4a0677af6ab66b5899fcd0b	Assets/audio/weapons/foley/m1911a1-reloadMagOut-01.mp3
5711a35c431937fa58c20b12af6b1d6a8f9bb80b4a1117ec1a1d5359c6ac0c72	Assets/audio/weapons/foley/m1911a1-reloadMagOut-02.mp3
19e7eec9e92a974070afb811e61842476a04609f7cee16ae8ef50275f17a6955	Assets/audio/weapons/foley/m1911a1-reloadSlideRelease-01.mp3
82798ced2ac17cc58cc6733eb18f89b7d8d10f92ec75a768f2a4c392632588d5	Assets/audio/weapons/foley/m1911a1-reloadSlideRelease-02.mp3
f9a4be15f44cef7119d59a17e8e9690aca1f7744d2162a34eedeac2bc7b6bbed	Assets/audio/weapons/foley/m1911a1-stoppageClear-01.mp3
3dff9a7851a7cec0077d1ce399f74743a41f18e9f84e6e1f929fa78f23e1e543	Assets/audio/weapons/foley/m1911a1-stoppageClear-02.mp3
2f6539bdebfbd89e337cf48d03ab5ed477612888bb6ef3ff916ddf8d8d77895f	Assets/audio/weapons/foley/m1911a1-stoppageClick-01.mp3
015da9adc76967d49bf7d47f5dc45083d94c003cd004b6cc30bf1946b91e2922	Assets/audio/weapons/foley/m1911a1-stoppageClick-02.mp3
6924dd8b2d6e113699a38509398405f1c621c9d83f83eeec5dd193b1d6f2c158	Assets/audio/weapons/foley/m1919a6-bipodDeploy-01.mp3
04b46b5c63ad37473c12d682262506844f544246c07760ff30c70dbdd5e07431	Assets/audio/weapons/foley/m1919a6-bipodDeploy-02.mp3
1681a7822a81c9d7f684dbd43adf3dec807b99764b486534c3914ada11b1935c	Assets/audio/weapons/foley/m1919a6-bipodFold-01.mp3
1976008790e801ed02990898955d113be52a180007e57b5339644da298198940	Assets/audio/weapons/foley/m1919a6-bipodFold-02.mp3
1c3b7319bf00af3a50b48bf444dc03d100bd05cb07e1b37737a164027276044b	Assets/audio/weapons/foley/m1919a6-grab-01.mp3
da534325bc977da8b5d9e8b71b6d92a7ad51b16860800505cdbdebfc27a78fca	Assets/audio/weapons/foley/m1919a6-grab-02.mp3
c1e5b0801406aac808a4dc948fb2dce310f800188a2bff2e1a0d18da4c593887	Assets/audio/weapons/foley/m1919a6-grab-03.mp3
269f5f093564b4a04a31e9e9b9d694ed9a2237bcd69316a8f6ddb3be7727219d	Assets/audio/weapons/foley/m1919a6-handling-01.mp3
0a4519e28d48f3bec69ebb95f7cf448f3cebfea4c39d6157840285a7b00f1dc5	Assets/audio/weapons/foley/m1919a6-handling-02.mp3
3bd39d295103576be8f714d3695cf881bd4f84cc455b096961d0739e3816d879	Assets/audio/weapons/foley/m1919a6-handling-03.mp3
40d0ffadbd2be64923239d077569070c056717c5d9c1768f3a9ea7bee3faca19	Assets/audio/weapons/foley/m1919a6-reloadBeltLay-01.mp3
102d46b81321d4b6caeab7c07816f099b9b8c3f0552fec2ccd42c9a05aca9623	Assets/audio/weapons/foley/m1919a6-reloadBeltLay-02.mp3
31fc787840f68cdb2cd437fdecee050f932ddeabca03221ed7820a5d487fbcef	Assets/audio/weapons/foley/m1919a6-reloadCharge-01.mp3
3600191d06e99bacaeb48fc472c9124a31104da75657edb72d015d7895d1b5a4	Assets/audio/weapons/foley/m1919a6-reloadCharge-02.mp3
cbe654cd51ca40a58f626ec0d6af79945beb819e1b97b15df12543eb1a079522	Assets/audio/weapons/foley/m1919a6-reloadCoverClose-01.mp3
bc358113b182c906b8367151206f48d0ce3095f873806f9bae2ce023c5a62f43	Assets/audio/weapons/foley/m1919a6-reloadCoverClose-02.mp3
2a5eaed2240a2abfc7206b2a3bfb025997a8bc831a13925c780053a874b721aa	Assets/audio/weapons/foley/m1919a6-reloadCoverOpen-01.mp3
ec4dfd105c5f8542496599f7066c66775eef0a55f3dfff1d8617827024d3e77c	Assets/audio/weapons/foley/m1919a6-reloadCoverOpen-02.mp3
a07cda764fb2263159074e052e018e417113c84f3a720495143eadcba7a8a12d	Assets/audio/weapons/foley/m1919a6-safety-01.mp3
72ee812649cea3b5bdbda7cfe063cccba2a7d82ae3683ecb7b376820a76748a6	Assets/audio/weapons/foley/m1919a6-safety-02.mp3
78ae358b8da800dfb0e159da647116c90fdaf5f68e28765d81935b04373bf266	Assets/audio/weapons/foley/m1919a6-safety-03.mp3
89cf10093396c1eff208431680bfa6b24e5411a43b478662fce060fb2dbba736	Assets/audio/weapons/foley/m1919a6-stoppageClear-01.mp3
a4c052d8f8fa8ad906b038e8031a6feda8146fac34d2633755dfa3f07cd3a753	Assets/audio/weapons/foley/m1919a6-stoppageClear-02.mp3
73111f97536ea6c6f951794587003df5edb9292ed03183202efa4fafc03b6b91	Assets/audio/weapons/foley/m1919a6-stoppageClick-01.mp3
1ee919b2645bfda4ae2e3570df15cb29d3e3adc52dedf06eeec2b75949ca7bd3	Assets/audio/weapons/foley/m1919a6-stoppageClick-02.mp3
d7bd79e49577b2e4fb731e78e5ead4e2d0bc4ae87afcbf4cb1f81c7b4b78b46f	Assets/audio/weapons/foley/m3-grab-01.mp3
e001553744cdc1c39eadd7cee31188d2d501e55563e2716c3144a0b05cb98c8a	Assets/audio/weapons/foley/m3-grab-02.mp3
206e02c5551a8803997c110a92ebd215d8c201c03ea5b75d12b77f2c8ff098f4	Assets/audio/weapons/foley/m3-grab-03.mp3
f2ed273727227d8ae4dc3ce3565b24ca9189216de265a68e36d4bb0d884246b6	Assets/audio/weapons/foley/m3-handling-01.mp3
2e8bb8172841583004a6799b75b4942fa75a183ff0714eb501f63190d7b98219	Assets/audio/weapons/foley/m3-handling-02.mp3
c259de4af78b9c722d283a4587c2689d88fb989f2ae2a9fb6325c95e58405422	Assets/audio/weapons/foley/m3-handling-03.mp3
c2004874bcdf93d3c87bebd902809c6ad15ad2e79ed1e7b6a3264383044dcc5c	Assets/audio/weapons/foley/m3-reloadCharge-01.mp3
dda34358fbd74058606a3f411332a114e10562473070d547f418e2915c6e121c	Assets/audio/weapons/foley/m3-reloadCharge-02.mp3
f43db3cd27d26f08c3f6a4d36b6c0dd38e76e0143f1768b402c7fd3d64daf0c6	Assets/audio/weapons/foley/m3-reloadMagIn-01.mp3
998bc46d87d4eaab5c8f69388fe156c44c537375170af5291a8a8ceed15ffbfc	Assets/audio/weapons/foley/m3-reloadMagIn-02.mp3
504842a313e6b136cf1b8d949dda60fcd5ba30e1ba82956c082e6e978c644934	Assets/audio/weapons/foley/m3-reloadMagIn-03.mp3
1f52ee285d7d62ef4362539e85b5e5b0eee50b87faee2e08f001d15a80d621be	Assets/audio/weapons/foley/m3-reloadMagOut-01.mp3
126414ca6e5ce25af5ce134a04bb40cb4b745543d248a862a26c9b619606df41	Assets/audio/weapons/foley/m3-reloadMagOut-02.mp3
539e21da969aac9a3418914b766c62bdff873a4149d0a3beefc987cf16dc8cd4	Assets/audio/weapons/foley/m3-safety-01.mp3
203a809c1abddddc9b6d39bb054234b8618ce831ba78feef26a705dfd896912a	Assets/audio/weapons/foley/m3-safety-02.mp3
83dcefbeed37bee16b3c5aac6680d9ab60b5b7fcb804953a7a9fa9fff1180f92	Assets/audio/weapons/foley/m3-safety-03.mp3
b0cbded2f6a10eb2800e9c9b78e67d3d044f1c87bcbc5dfbfe4790b4215f5e9f	Assets/audio/weapons/foley/m3-stoppageClear-01.mp3
676da9334b9cf22f10de0fdcc92f2643610774bd2e089a05fb8252a8a3fac0e1	Assets/audio/weapons/foley/m3-stoppageClear-02.mp3
236a3677f2f8dd4f2952c3af73106dd5d91eddff927bf689f2d555bdfc200ad6	Assets/audio/weapons/foley/m3-stoppageClick-01.mp3
f1c4ab3290a846fafa178bb9de69691441ebb16eaf756ffc9ad2efd6655c2e45	Assets/audio/weapons/foley/m3-stoppageClick-02.mp3
4d64e8dc0a75efad64e12fb532d4c19a808c18efed23e1d3df6ff51d04ae3b52	Assets/audio/weapons/foley/m30-drilling-rifle-grab-01.mp3
62302717fbc642bbf8caf8d519f813a698fee2701223ddaa5fe1cb9e4b97558d	Assets/audio/weapons/foley/m30-drilling-rifle-grab-02.mp3
0c9711e36ba1fff0c3199c874fadd840bb0e1ddfd04e7216135ab72fcee22d73	Assets/audio/weapons/foley/m30-drilling-rifle-grab-03.mp3
2722de52a14fd5399feb9319314d803292d61b66dc305c2e8f7795db4bfd9a0b	Assets/audio/weapons/foley/m30-drilling-rifle-mode-01.mp3
4970084a1339626bd38c0bff894f6f8880a90afb8868cd1833f9a877969876dc	Assets/audio/weapons/foley/m30-drilling-rifle-mode-02.mp3
ef6f6fd356c65fc8242318ab77280ab38679b81ac5804acae2b4e7bc81274c99	Assets/audio/weapons/foley/m30-drilling-rifle-mode-03.mp3
2df5776f6c990ae3f2c156a82f4641985ded9c81c99a047da7ae1443a99436c9	Assets/audio/weapons/foley/m30-drilling-rifle-reloadClose-01.mp3
567ee5cc54e3a89505a6e80f2cde96777a787479a0167f5d7817863b82091089	Assets/audio/weapons/foley/m30-drilling-rifle-reloadClose-02.mp3
5e8bf6479042a597195a8290184c7f98a0524acb29648e4c728a4afa4c881d16	Assets/audio/weapons/foley/m30-drilling-rifle-reloadOpen-01.mp3
7d09a5cb576e63a4c2111765903ec96f7c4aff3993ba91d81f0cda08cbc8a082	Assets/audio/weapons/foley/m30-drilling-rifle-reloadOpen-02.mp3
eba060651d4ce03afc8258a87f962d24a506047d3e1734446e8d60c2c7d77143	Assets/audio/weapons/foley/m30-drilling-rifle-reloadShell-01.mp3
44dc99f8e7f2cb9a7f08df58c6d787d2a597757218fd185c8e47d4663e4df127	Assets/audio/weapons/foley/m30-drilling-rifle-reloadShell-02.mp3
95491f93c3d332a7e521bf00c199884ced54606d56d963432d8722a65c7678b5	Assets/audio/weapons/foley/m30-drilling-rifle-stoppageClear-01.mp3
b2d4078a621ab026a6810a7a89c820ba18bcdbe34cc8ef34107b781454117dbf	Assets/audio/weapons/foley/m30-drilling-rifle-stoppageClear-02.mp3
fb88d2ea1bf084d35222d292f334f086a9009b03d096abb1df55c71e66c3ae0a	Assets/audio/weapons/foley/m30-drilling-rifle-stoppageClick-01.mp3
dea262621a06a920e52169728e13726ba102a52014377e2c4e6503cc03ebe199	Assets/audio/weapons/foley/m30-drilling-rifle-stoppageClick-02.mp3
4d64e8dc0a75efad64e12fb532d4c19a808c18efed23e1d3df6ff51d04ae3b52	Assets/audio/weapons/foley/m30-drilling-shotgun-grab-01.mp3
62302717fbc642bbf8caf8d519f813a698fee2701223ddaa5fe1cb9e4b97558d	Assets/audio/weapons/foley/m30-drilling-shotgun-grab-02.mp3
0c9711e36ba1fff0c3199c874fadd840bb0e1ddfd04e7216135ab72fcee22d73	Assets/audio/weapons/foley/m30-drilling-shotgun-grab-03.mp3
2722de52a14fd5399feb9319314d803292d61b66dc305c2e8f7795db4bfd9a0b	Assets/audio/weapons/foley/m30-drilling-shotgun-mode-01.mp3
4970084a1339626bd38c0bff894f6f8880a90afb8868cd1833f9a877969876dc	Assets/audio/weapons/foley/m30-drilling-shotgun-mode-02.mp3
ef6f6fd356c65fc8242318ab77280ab38679b81ac5804acae2b4e7bc81274c99	Assets/audio/weapons/foley/m30-drilling-shotgun-mode-03.mp3
2df5776f6c990ae3f2c156a82f4641985ded9c81c99a047da7ae1443a99436c9	Assets/audio/weapons/foley/m30-drilling-shotgun-reloadClose-01.mp3
567ee5cc54e3a89505a6e80f2cde96777a787479a0167f5d7817863b82091089	Assets/audio/weapons/foley/m30-drilling-shotgun-reloadClose-02.mp3
5e8bf6479042a597195a8290184c7f98a0524acb29648e4c728a4afa4c881d16	Assets/audio/weapons/foley/m30-drilling-shotgun-reloadOpen-01.mp3
7d09a5cb576e63a4c2111765903ec96f7c4aff3993ba91d81f0cda08cbc8a082	Assets/audio/weapons/foley/m30-drilling-shotgun-reloadOpen-02.mp3
4ded0f3f84c009d4eea275673f586578bed7899f67b1fb80d5ca6538f85a0c5c	Assets/audio/weapons/foley/m30-drilling-shotgun-reloadShell-01.mp3
8d627c00b0fb48cf18a08d83962e9c26f0a7897c1c5a3c1fd7b5b96a2cccc5ae	Assets/audio/weapons/foley/m30-drilling-shotgun-reloadShell-02.mp3
fc5ebf96562b30ac37956bb3a3ecd6a50c2751b73817c958d22af864b806d224	Assets/audio/weapons/foley/m30-drilling-shotgun-stoppageClear-01.mp3
43e735172fcc92e5c26c13eeac34efc2b1d41d2f80e54cf1d67dd751993fd4d5	Assets/audio/weapons/foley/m30-drilling-shotgun-stoppageClear-02.mp3
64cc7df7f53401d21729250dc9558e9093ea96e840219f0d6ccfdda9391cfbd6	Assets/audio/weapons/foley/m30-drilling-shotgun-stoppageClick-01.mp3
0f464eed28e99e658bda79637987b27901a08aff45c5b296b0f10be19320d899	Assets/audio/weapons/foley/m30-drilling-shotgun-stoppageClick-02.mp3
9b12fef09f4819838d52ad99524cd04897a82b26faf0cf81118aa18759a97e44	Assets/audio/weapons/foley/mg42-bipodDeploy-01.mp3
9cd56dc1e383327e6e788d88cdd30b380f0ad0f641c50dfa57e58a999797f27f	Assets/audio/weapons/foley/mg42-bipodDeploy-02.mp3
2f8de4c410189ad42b97fd7f0ef4201879610b904a471a3540837bdd171c818b	Assets/audio/weapons/foley/mg42-bipodFold-01.mp3
507dda5f4d4f7be2386260870aeca9becc2656995b5299508ff1bff0eb610a2c	Assets/audio/weapons/foley/mg42-bipodFold-02.mp3
c388e75c5afb264642f11c02efadde675594dcfe02af31e2742ec597bdb5076d	Assets/audio/weapons/foley/mg42-grab-01.mp3
9a537aeefe3bde2b8104752897bacf4064f5338c1c3b6329b3a93ac20deb517a	Assets/audio/weapons/foley/mg42-grab-02.mp3
484dc63d2b91244d216a0624193da4593b49b7ae88c5ed02394544b9c70a8849	Assets/audio/weapons/foley/mg42-grab-03.mp3
177cc3ac76a8088fffb23557aa8a1e8858336e38d60f6b506ef39d4cfa5f13c4	Assets/audio/weapons/foley/mg42-handling-01.mp3
8ef4ee4de466311386b563bec4fd91959f75585880ce4e7463d2af5f98ab7a24	Assets/audio/weapons/foley/mg42-handling-02.mp3
db685710a019677b95dcc94d473a65a9f6af34c13e5902516049ea2b24ee766e	Assets/audio/weapons/foley/mg42-handling-03.mp3
db7ab9f1bd6bcb44842c1cbdf76f5752f6fafad514126fbcfdace37a0506c9be	Assets/audio/weapons/foley/mg42-reloadBeltLay-01.mp3
c9dd0de5f7da3747db989e6760ea808d1aa3169f63d6ed4b1370808dab30da89	Assets/audio/weapons/foley/mg42-reloadBeltLay-02.mp3
7f44515eb1777723e5d239e4b059552e8d6ec78ba72793b30145f3a22f61c67a	Assets/audio/weapons/foley/mg42-reloadCharge-01.mp3
61f21933f57ea30bf302675ae4370b22365c58f79ca5bff401956cb180e64f0c	Assets/audio/weapons/foley/mg42-reloadCharge-02.mp3
432c8df4cc0399b2d219ea6000e61f9c435f0ee6a5afc779231986e364d5deeb	Assets/audio/weapons/foley/mg42-reloadCoverClose-01.mp3
7c6c243a1d013b31e288b44ac8c429671084c66902c06d51a8f222a17a9fcb73	Assets/audio/weapons/foley/mg42-reloadCoverClose-02.mp3
47b5946a3a277e75abbae091c75e25c5a925a977e30f9079e131b82ef33bab5b	Assets/audio/weapons/foley/mg42-reloadCoverOpen-01.mp3
61b2f7faf7cda1f5fed68ce396d5c051e007583308923355f43aff81d5321a8e	Assets/audio/weapons/foley/mg42-reloadCoverOpen-02.mp3
7a02884ba59aef71cd3cb2cd4f98cc6ce56d98d06919dfa4cf01ec670b21685a	Assets/audio/weapons/foley/mg42-safety-01.mp3
41c1f504b56e09bd5bdcb1c51de9266e2326545db0e44ac8e188859e44050628	Assets/audio/weapons/foley/mg42-safety-02.mp3
06c7ef5f0b4669beeee119e5c42353c773c6cd79951f192b883e4674ff037ded	Assets/audio/weapons/foley/mg42-safety-03.mp3
304ab3f03a28c6a857837ad5937172e4a15e5ace25b47010924c2b61d56a353d	Assets/audio/weapons/foley/mg42-stoppageClear-01.mp3
b8cbba0ce7f0bf01b8a1ad4b1730952069f24388d25536c889cddb0a51acc516	Assets/audio/weapons/foley/mg42-stoppageClear-02.mp3
22c8ef5b9f5cc452d02d1989bbe887359bdf16d2343bd7a3a9212c3c7a914015	Assets/audio/weapons/foley/mg42-stoppageClick-01.mp3
e713e1366cc10d32cb8d90143222f2cd1e865d11b89d4519666ed5b1497d63ca	Assets/audio/weapons/foley/mg42-stoppageClick-02.mp3
7de16dc75ebe6b880cec726566aebee5d26a480f0d7b9e198b9c4eaeab44b5c3	Assets/audio/weapons/foley/mosin-m38-boltCycle-01.mp3
c36f8775aa37e940ec1feff43a66e3f6cf3ea3dbba4985c72f00f99dca7dba77	Assets/audio/weapons/foley/mosin-m38-boltCycle-02.mp3
34f3697c6622d01bb4b8b2c439d3c5e2ec6cc89d431dead66dd0985c9122591d	Assets/audio/weapons/foley/mosin-m38-boltCycle-03.mp3
fddaa7e54c73d43e23c8fe9e3ae27342088ef1244f7e022bedfc727944ce5556	Assets/audio/weapons/foley/mosin-m38-boltCycle-04.mp3
5efc0456e2b45257b0c30af28907a6a1b7deef92af943cbf5e9de8ce789eb615	Assets/audio/weapons/foley/mosin-m38-grab-01.mp3
0ce2239f730808123f2a1cfdf4dd166b0ccbfa503074b0c39b68ba2caab5b61c	Assets/audio/weapons/foley/mosin-m38-grab-02.mp3
44cfa2fadd5cc3987d9f6fa2faa9c71d7bd21285c13ae1abfcab578931f66610	Assets/audio/weapons/foley/mosin-m38-grab-03.mp3
3f7d8cb21ec02701572fae78ce4d586fc2b64ad6f94be2757a1a97a6e0dad7ac	Assets/audio/weapons/foley/mosin-m38-handling-01.mp3
3a65f4d8f242b0570f2800c84d5c990d05ec76d5cd7c3953aa703c7b47ea56d9	Assets/audio/weapons/foley/mosin-m38-handling-02.mp3
2c518f993a2d72cb4d4e801e90d47f54048eef9c291b199b6b800b1f33602225	Assets/audio/weapons/foley/mosin-m38-handling-03.mp3
8a1d55bc863d5a1b8c98fd93e3b28af1e24483db5cb01f0c2abda94062667f28	Assets/audio/weapons/foley/mosin-m38-reloadStripperClip-01.mp3
745ffffbda18058df1bafa8166dc9fbb0fb1e77759ff00e2f41fdb0136e9a16b	Assets/audio/weapons/foley/mosin-m38-reloadStripperClip-02.mp3
8479cc8587580018921951cd97c5129a054298b1f933c0a368205119f5652679	Assets/audio/weapons/foley/mosin-m38-reloadStripperClip-03.mp3
34f3697c6622d01bb4b8b2c439d3c5e2ec6cc89d431dead66dd0985c9122591d	Assets/audio/weapons/foley/mosin-m38-stoppageClear-01.mp3
fddaa7e54c73d43e23c8fe9e3ae27342088ef1244f7e022bedfc727944ce5556	Assets/audio/weapons/foley/mosin-m38-stoppageClear-02.mp3
e4cfe1538672062cae1401f8e17ba102f6b521369b4ed0480eec4d07df02c02e	Assets/audio/weapons/foley/mosin-m38-stoppageClick-01.mp3
3767c79c350ba12790b1de2190e7b43ef028d6abd9a81ade8a47bf36037a92d7	Assets/audio/weapons/foley/mosin-m38-stoppageClick-02.mp3
fe0528c03487c52b8075b41c3700252cac3e9c2b535c13b120e8516e2ecfae6e	Assets/audio/weapons/foley/mp28-grab-01.mp3
5cb253d8826080f2a3ee4ad90c066445ff9650ed860155e4aa341660b556ff57	Assets/audio/weapons/foley/mp28-grab-02.mp3
67666fd79004cf30d1bad5560836df95f7fc0cc0174281180e8f6ac5ae7686c6	Assets/audio/weapons/foley/mp28-grab-03.mp3
e5718cd35b5a77d6b511328a6f23d8b57addef3702786d66b41d40e23930da52	Assets/audio/weapons/foley/mp28-handling-01.mp3
f58ac33e88f0c493b7451c08aef8a9994a6338679a503d525358ef68e13c6822	Assets/audio/weapons/foley/mp28-handling-02.mp3
70f230f41b873978952eb7f0041907dfdd752d5c995dd3e8b6e28a31301d3e3e	Assets/audio/weapons/foley/mp28-handling-03.mp3
65b9e649d119fb4eedc17d2dff8010a3c0e80318f7cc584cbb57a10f33596997	Assets/audio/weapons/foley/mp28-reloadCharge-01.mp3
3f89b8bf82ab5492f8667631159dfc67335df080740530eff331d1e79a43e5aa	Assets/audio/weapons/foley/mp28-reloadCharge-02.mp3
21fe3a8c915192c67f0fb4da952b72f2be115b35c8d8b99d6136cf3c80ed5afa	Assets/audio/weapons/foley/mp28-reloadMagIn-01.mp3
c6561f6b352abdbff242bcb9134b852b8418c784ddcef076d1b2cdbca856ec1b	Assets/audio/weapons/foley/mp28-reloadMagIn-02.mp3
175b6d967a42ac27e0eae59e0ba1e05460750d30d9f7d5757af25f42fc5acd5c	Assets/audio/weapons/foley/mp28-reloadMagIn-03.mp3
d07bbacb4733d1137b0edcd187ffb13141c4a58934bc26a963dc7cb746c9347a	Assets/audio/weapons/foley/mp28-reloadMagOut-01.mp3
cfc37f0fecd0db420cbd71524116621a1e3c3bcee0bf899d7bd8139833575a89	Assets/audio/weapons/foley/mp28-reloadMagOut-02.mp3
283e33eeac49d6e7455e6b5cbb130738e6db946ebf1019806361dadafb71d4bd	Assets/audio/weapons/foley/mp28-safety-01.mp3
ddfa274c084b7829fba4969de04784281375d9534d952aa0f6e446af451b91ee	Assets/audio/weapons/foley/mp28-stoppageClear-01.mp3
f8679e4c5f8102f7b744be117089011b9449d9fdae3d93c0e8404d80acd32ade	Assets/audio/weapons/foley/mp28-stoppageClear-02.mp3
e20679959b256f71d3712d09ac46711556ad5e1c92c063af636d9b1fa4684fe8	Assets/audio/weapons/foley/mp28-stoppageClick-01.mp3
53e219b55316cc096e65f2abf5d7d2567efb7470a34e0c07e12d0f1a2ce8d2e7	Assets/audio/weapons/foley/mp28-stoppageClick-02.mp3
f5108b54bc3ce2857c77daab681a2f2725c0887dd063ca9d20f30e2df06ddd58	Assets/audio/weapons/foley/mp40-grab-01.mp3
a387660d527773e9ac534e801177faf8fe328cf398ed1395e6a2de53d1033b80	Assets/audio/weapons/foley/mp40-grab-02.mp3
a5654bb52a92fe214ee68dd4e4c78150daf60269d51f9e095b1ef438ac949f03	Assets/audio/weapons/foley/mp40-grab-03.mp3
2b4fabc7f8c1ba9782fa096c370352181273a8f1f469eb32b33feb48143f2ce3	Assets/audio/weapons/foley/mp40-handling-01.mp3
167ab4d9f4d00223e676f7dd821098fe937d35fb67fc935bf67d66b6296a4d69	Assets/audio/weapons/foley/mp40-handling-02.mp3
978e0d7aaa7cfe556ccaca4a9d26313b3ba7c2a462799d9cef2209262366a04d	Assets/audio/weapons/foley/mp40-handling-03.mp3
57e0e3839f1efad6855686c489ec7f2d18b85a8b9a01e8970a7c347d772548db	Assets/audio/weapons/foley/mp40-reloadCharge-01.mp3
ce27da8a775e089a76add4f5a9e914b08b602a55699cf437c668c41777f5101c	Assets/audio/weapons/foley/mp40-reloadCharge-02.mp3
1601db89864d97d7c14c17f4129277a3f4e776518baba1aaad9613df45d607d4	Assets/audio/weapons/foley/mp40-reloadMagIn-01.mp3
a680b825f284cffe80dcdcf4744a31d530f077469cce5f1c0b11df0f1bd0dec8	Assets/audio/weapons/foley/mp40-reloadMagIn-02.mp3
6f8dadf49678d6d3cf8ee4a26c3b5785798a4c533209c6327043912b2ac0e477	Assets/audio/weapons/foley/mp40-reloadMagIn-03.mp3
be033f11b705078ba909288ef74f133159eb46fd5b2fef693451963bfae3ab16	Assets/audio/weapons/foley/mp40-reloadMagOut-01.mp3
fca4ea35498f03663a24ab0b3f42cbbcfd04b3ad3e34d34150def7e67e3abb03	Assets/audio/weapons/foley/mp40-reloadMagOut-02.mp3
e6a3766e3efa6fde2a23a893e96d1ade7e46ca8eb12f3a292832e6acaa57acc0	Assets/audio/weapons/foley/mp40-safety-01.mp3
ea6c0cf37037b9c8e6ce042e449bba85ef0365c86a2892ad5689b206b9a91ef2	Assets/audio/weapons/foley/mp40-safety-02.mp3
218dd5d674a9f213e19e642e7b811d570ec5ee17992c78db3fa8bef303d6903a	Assets/audio/weapons/foley/mp40-safety-03.mp3
f47cd2f2551a7505e2e922f66664b8a819017aca06e11cfcfbd4ccc8a8a3d52a	Assets/audio/weapons/foley/mp40-stoppageClear-01.mp3
3f3ffc3b0fd09a8fa6b69b0ca3a43f60ce401560e02cb015f789d339b58b3777	Assets/audio/weapons/foley/mp40-stoppageClear-02.mp3
655dcb670581aebea973b629605ee764b0c0b3a76411cca69b93905d4cdb570b	Assets/audio/weapons/foley/mp40-stoppageClick-01.mp3
8578f01f3fde6ff34cdddc241eae52d1a24ed8a3179a8f32f0d10fb9f0951eb5	Assets/audio/weapons/foley/mp40-stoppageClick-02.mp3
519d0a5425dcb3d79ca90345c4f0812c4d9cfa448bda6ba4bc729b126a2198bd	Assets/audio/weapons/foley/p38-grab-01.mp3
866f830792bb19fc4f672bfad4b49e7b332486b6f41d7ae4cff29b4646c4e46c	Assets/audio/weapons/foley/p38-grab-02.mp3
a0578bd46c110dd487b9c3c6f95ded560b21ec10e4c4508d980569d329161669	Assets/audio/weapons/foley/p38-grab-03.mp3
0e0702d51b85831c6dd46fabb3e1fcb91e322bf3db6b91b7389ae2b1522d01c2	Assets/audio/weapons/foley/p38-handling-01.mp3
4b64fe5ee34c851a602c611cd1aa04ebdf145c192a3bdb5d772f8519e7aa4387	Assets/audio/weapons/foley/p38-handling-02.mp3
7ece835d337ee8e62f6a52fd247d51fb61193b5377b72c10462593e5f9f90cd5	Assets/audio/weapons/foley/p38-handling-03.mp3
7393f180ed8c1fe75eae8846dee00a8fdf27eb234084196007b237faf4be4c33	Assets/audio/weapons/foley/p38-reloadMagIn-01.mp3
8445cf02061bc557c40b9c6679dfe0484eecca305bfd8ead16c8b25eac454939	Assets/audio/weapons/foley/p38-reloadMagIn-02.mp3
6fba02a41f0cd30dc781df79a15b4b262f16ac67e2191f2fec60125061e73c6a	Assets/audio/weapons/foley/p38-reloadMagIn-03.mp3
a0f1da46dff89711c66c58b3e84ac83a76b0e3a8ed7085314fc50c6edadd4b88	Assets/audio/weapons/foley/p38-reloadMagOut-01.mp3
5530dfef160569ff53772189c589e64b85e1e5456b1c056eadd85337b1966918	Assets/audio/weapons/foley/p38-reloadMagOut-02.mp3
81f71ea1ea8f559b6b98651f2735b2a28f56a76d82285156ec2b1d11e6800b7a	Assets/audio/weapons/foley/p38-reloadSlideRelease-01.mp3
ab4b9622f12c4a5e7546d4520ba8329150a2625c3f6995700d5ec96d9e30aa8b	Assets/audio/weapons/foley/p38-reloadSlideRelease-02.mp3
3b982dc8a87281af8da778d6edc85cd6d72557e3043aba8eb5a3081eb6861933	Assets/audio/weapons/foley/p38-safety-01.mp3
36ec1af429d988344c19fc2013b92dd3d55349ff965fb81d609b8441d517fa80	Assets/audio/weapons/foley/p38-safety-02.mp3
9b76c313fc8c057c50f422fa45febe2ae1a52a848688d497eb2192c467e3b6af	Assets/audio/weapons/foley/p38-safety-03.mp3
a2594b80c0f9197beb088d861f8af351e4b5cb50558ecde6acb01c2ea0ed246a	Assets/audio/weapons/foley/p38-stoppageClear-01.mp3
7044ac0de97237538d03112e8f7a021c3f1e9844b7b0c2b2d09855af00d63cc1	Assets/audio/weapons/foley/p38-stoppageClear-02.mp3
69c53c6ed2c8b9104c5a73b2bd3b04819f62766b4f918bbb202fb8df607a216c	Assets/audio/weapons/foley/p38-stoppageClick-01.mp3
0fed104b0392a94eb2711c69a1b03244370ae641df440fd96503dac330df38a9	Assets/audio/weapons/foley/p38-stoppageClick-02.mp3
2844a8b2b0c4fa79be47f432c127fc896f811b92afc2537dcdf8defabf0296ea	Assets/audio/weapons/foley/ppd40-grab-01.mp3
bbabc50a3d2e75106fd951088a80d67a5c9798b9b7851d305bb7803118c3fc47	Assets/audio/weapons/foley/ppd40-grab-02.mp3
ab1baee80e5656adcd949f0c9218a7368018d19c2a91f0ba3bf952d831522251	Assets/audio/weapons/foley/ppd40-grab-03.mp3
8d31fef75b4c643fb78318c7535e797f4ae8fc2a6ff6a5faf999e6a05cf5044a	Assets/audio/weapons/foley/ppd40-handling-01.mp3
837dbb3b4e8d87375cca77ca053a02e0b3853ba148c3cac521a4ef266e4a1668	Assets/audio/weapons/foley/ppd40-handling-02.mp3
9cea169ebe87163afd283412e23daec6806a3fdfc8e04fcd430e960d56969010	Assets/audio/weapons/foley/ppd40-handling-03.mp3
22a247ceda1af62cf0cf314193ea508ac4026d97f01b2ca3e3ec9cdac14f9961	Assets/audio/weapons/foley/ppd40-reloadCharge-01.mp3
ad924b2e3dcdcd8fc2c2bef989019f3d94a88b368db1e7608e42eaa29ba23b5e	Assets/audio/weapons/foley/ppd40-reloadCharge-02.mp3
e6b4a5b02f8b6249d990da98edb26040938d695db5382a77c88eef2741c0e3d7	Assets/audio/weapons/foley/ppd40-reloadMagIn-01.mp3
fb4daf46f8506b15ba5a392856053261452a7d9fe657699cbd8a3035cde46ab2	Assets/audio/weapons/foley/ppd40-reloadMagIn-02.mp3
d7a4346623a2cfaa193e6b2d81d165534f5a3ee1098b4cb844255f0b1c035d6e	Assets/audio/weapons/foley/ppd40-reloadMagIn-03.mp3
33c8767348c213e58ae8f64fe60703fc39bc22948dbd67c984ba5995bde3dc87	Assets/audio/weapons/foley/ppd40-reloadMagOut-01.mp3
0c8c39346dcda3ad23e29474bbf33ca7937cb2d7e65140e5d02d39cf410a9f77	Assets/audio/weapons/foley/ppd40-reloadMagOut-02.mp3
065cf4ca93588b9a5ec8d000ff0ac24a2c47e45f0bb230c20dbf74c1810a4809	Assets/audio/weapons/foley/ppd40-stoppageClear-01.mp3
88bb149cf2864dca9a904611422cd17868137f75a3f6069002d4fca962f5d5da	Assets/audio/weapons/foley/ppd40-stoppageClear-02.mp3
acd0862fba2835efdd98888b55eb5a900ac1a0dccd7352017d419a0b9e941732	Assets/audio/weapons/foley/ppd40-stoppageClick-01.mp3
fbd9fa68866057de47fcefc0d98b559f545c5db3574b2fb8bf2a6d163f64b6b7	Assets/audio/weapons/foley/ppd40-stoppageClick-02.mp3
79000be2d3c2be15d962cbf9a75f1057b575e081c054de1aafa5ea4136bc0126	Assets/audio/weapons/foley/ppk-grab-01.mp3
09119a4c90673af553d0f1f5cc9614e58f8961510367fcbba821e561f365dc11	Assets/audio/weapons/foley/ppk-grab-02.mp3
3f6b9ecb53692ec2841ff4cf7f51e4b66274dc40caeac932685953b8056e822d	Assets/audio/weapons/foley/ppk-grab-03.mp3
2912b8e27610564fb14895e5f37909e5a4b54a908532cd9b28927b44061ab5b8	Assets/audio/weapons/foley/ppk-handling-01.mp3
350538c2fd82610d1b26f41ea1ab0c89ca179aa5a881420f07a0809ad9a66d3d	Assets/audio/weapons/foley/ppk-handling-02.mp3
c89daf1ded1a598b2a305199f286093dd1b14b0f0be79205d686502f5f0dd03a	Assets/audio/weapons/foley/ppk-handling-03.mp3
d45cafc877355e0870c2c7d5326450658f23fb996e6e3c80fc6910742f25a82c	Assets/audio/weapons/foley/ppk-reloadMagIn-01.mp3
6db5499f2aa427bd663f04105f126d860f2c6ead3cb0e373ce4487640d3eb2ce	Assets/audio/weapons/foley/ppk-reloadMagIn-02.mp3
82d2747fdc8b88e93a94c85fcdc060e13e33b9fe57e3185aba4e553f5cf0a62c	Assets/audio/weapons/foley/ppk-reloadMagIn-03.mp3
8f51b3cd5a6791b14dd480fd2638fdf18df5737e557a11920ede2f91c9d06494	Assets/audio/weapons/foley/ppk-reloadMagOut-01.mp3
399f86f7c0e2ef1fb6b56daaed16cc4fda8e6e5cff96233bb33a5e9549e1855e	Assets/audio/weapons/foley/ppk-reloadMagOut-02.mp3
7a935421b328ad22b677a9bfb38eabbaa62c74f7ced8bb323943c0d8f8310e03	Assets/audio/weapons/foley/ppk-reloadSlideRelease-01.mp3
2fab1fbce6120e995bb8974944dac2a4d30bdb1837b9488d43ab44806c89c5ee	Assets/audio/weapons/foley/ppk-reloadSlideRelease-02.mp3
6d7aed925179a416988d83122b144dcbd1e790319f3a5a31532d616cce2265e6	Assets/audio/weapons/foley/ppk-stoppageClear-01.mp3
d72f0f5b1369ff6c866b25d6a650478acc8a9ac8b0b2c6cf36adeee056f887de	Assets/audio/weapons/foley/ppk-stoppageClear-02.mp3
f4cb9bbbb520e82e22faeda5468ea8f2372b54c0d45177d12f4094e20f44bdf8	Assets/audio/weapons/foley/ppk-stoppageClick-01.mp3
7baaa57c1d63482f7548e863a19d7dd82c30f346a708cf8fc5d2631c9922e410	Assets/audio/weapons/foley/ppk-stoppageClick-02.mp3
cb14c150a364e2ad272027b46bb3492d63d07a5b9a548ef459650ab0cb23ea2a	Assets/audio/weapons/foley/pps43-grab-01.mp3
13103f570269e8581900ae577d75dd5dc83680d667bc304c5cd53a8a52471c60	Assets/audio/weapons/foley/pps43-grab-02.mp3
56084d55ac10b449b76d642ecc3b7c3c2a14aac8758a935c588be9f367d6d2ef	Assets/audio/weapons/foley/pps43-grab-03.mp3
ac61efb28b68f639d5b21f2415cecd48b0b2f56e031704ce05ee6dab74a103cb	Assets/audio/weapons/foley/pps43-handling-01.mp3
3df5e27bdc71342e023f7d20bcef998bb6bbccf683b394876b5bc2d4c38b3460	Assets/audio/weapons/foley/pps43-handling-02.mp3
bbb44b824ae2dfd203e23a7c38d4384cb91e3490ff5b5b54e0aa1fe20445c61c	Assets/audio/weapons/foley/pps43-handling-03.mp3
d4e8b7e8e507d6e72832148af83619f1e83a14986d4f80992d80453ce8ba4b90	Assets/audio/weapons/foley/pps43-reloadCharge-01.mp3
3f2eff2f995f6f340724934dd3b9c0a5a7cbbc172afd318cedf0eaf1a63e49e6	Assets/audio/weapons/foley/pps43-reloadCharge-02.mp3
47490329feaf90e858198fbbc436430f93c2648156133a7f9bc408b5870d1f7c	Assets/audio/weapons/foley/pps43-reloadMagIn-01.mp3
013dd7d9d5daf4333ea7188fc7bd5fb7dccbcff683b4891a184a7859cdafe463	Assets/audio/weapons/foley/pps43-reloadMagIn-02.mp3
11b71c71528332d4d419ac3a3a3c216c24d3187d225c49a34d48cfac0c15033e	Assets/audio/weapons/foley/pps43-reloadMagIn-03.mp3
0b838396691db973f02b617824cda80634ada58a38a8692e595bd7f87106c175	Assets/audio/weapons/foley/pps43-reloadMagOut-01.mp3
6eb347c4fef766ec4530df61cfafad21abf8f43e82931bfebc2cf6ae1d94cd84	Assets/audio/weapons/foley/pps43-reloadMagOut-02.mp3
ea41a8919131924693def006d70d2ad3082b6f2969f018bd9ed5143f97466aa6	Assets/audio/weapons/foley/pps43-stoppageClear-01.mp3
8adc3b236225ff4ee31d45fbc1df2c863e479f4223c42a450ddd52a6d49cee4a	Assets/audio/weapons/foley/pps43-stoppageClear-02.mp3
fc66777c50845a3f5f3a6cfba51f58d10af7eb1ba959af94c1f22d07d6c60958	Assets/audio/weapons/foley/pps43-stoppageClick-01.mp3
f70668989897003bba4f1dcbdaf59b06a744112672df3fd67cbd1018b3fad753	Assets/audio/weapons/foley/pps43-stoppageClick-02.mp3
b0983b0663939c5e34dec3ad81c13c8b3dc88085019f84ab1da97cd3a13cea7a	Assets/audio/weapons/foley/sten-grab-01.mp3
fd74f855debc87f43acec6f6b85ccae0edb75939d9370e27ca947f96d3ba0ba0	Assets/audio/weapons/foley/sten-grab-02.mp3
6a7a5d6079f85b8d4ace2be382f889612a7d5d3bdc5a68a1032d0520ed858452	Assets/audio/weapons/foley/sten-grab-03.mp3
9369d57bda3382e0867c20455b9c50430fb338fad3acd5b4a398b0a35fdf743b	Assets/audio/weapons/foley/sten-handling-01.mp3
ba656ce6730300cc7a24a03747a3ece689dde9518ce5abfef86a93daaeeb42f9	Assets/audio/weapons/foley/sten-handling-02.mp3
f434a2e6f3ca43f07a00e98d1d8d5063ecc6e49bdf5beb5358a91cf09da29b32	Assets/audio/weapons/foley/sten-handling-03.mp3
01ad49c9d434d98b2a5fa9b326310eac492ad2ab59df55a05309e47de3b9013d	Assets/audio/weapons/foley/sten-mode-01.mp3
46b8cab6f395217c4c3c2724aaeeb9f142532379b5ab9fd3ed2c74cc4b6a24fa	Assets/audio/weapons/foley/sten-mode-02.mp3
6da683cd30d72af6acd45cb6d05ed67a992e2e7908c5103e355ab00162a0134a	Assets/audio/weapons/foley/sten-mode-03.mp3
95358ed1b00f9f80ad04264dd3a6e1fcec4b93f3823ab2d7de0d9da8c6723c03	Assets/audio/weapons/foley/sten-reloadCharge-01.mp3
3a1c95a6dbd30a82986422900614d26252f18069c65540fe3e353685c7ca277d	Assets/audio/weapons/foley/sten-reloadCharge-02.mp3
eaaf93a32ab5ce35b90dda7dae30a2c576e956fdadc9f030554b899a9029f33f	Assets/audio/weapons/foley/sten-reloadMagIn-01.mp3
699d13b9f60a7bd7797f55379791f31b780fb78c631ac30476bdf2575737d06c	Assets/audio/weapons/foley/sten-reloadMagIn-02.mp3
460cf3f253fb5b4baa342b625b573f38f76ad92dcc83c0056e4ba605d41b1cfb	Assets/audio/weapons/foley/sten-reloadMagIn-03.mp3
07771981a563527152edd45a4614851c7aa90058995f7cd295fb95385d460182	Assets/audio/weapons/foley/sten-reloadMagOut-01.mp3
70556293e86755998e1c15d261f4fe30e574c4c761ec3fe5dddd2b6b2c1f1a77	Assets/audio/weapons/foley/sten-reloadMagOut-02.mp3
8a0f5e3530d4c8e9a4adfa1ff0b9e739009206811a7f0bcad32fcce46fdda67d	Assets/audio/weapons/foley/sten-stoppageClear-01.mp3
4c6c7ee3cc8c410016e276c190ce3af8ec7d7a3d26f2dd2b0df737bb97766a85	Assets/audio/weapons/foley/sten-stoppageClear-02.mp3
d9c053107b57c96de9a4645b086b48f9a8a79730031d2a88320c8fd0213fd4ff	Assets/audio/weapons/foley/sten-stoppageClick-01.mp3
5b741f9e388624e6ba404f2c8f2a33cee3dc209af1f1a54f1f5ef01440e9d997	Assets/audio/weapons/foley/sten-stoppageClick-02.mp3
5257eb75b0e7dc822afbc686bcc7417ac0ce896767329090553063b6044b57a5	Assets/audio/weapons/foley/stg44-grab-01.mp3
eb80f9a952003ec947193c9c4dc92cfeb9cd6c971fbf1c09e1df29f87d554831	Assets/audio/weapons/foley/stg44-grab-02.mp3
6bd7945495d4420db26467d5462af5b7fc769ef5c40276de1e6a59b9b2fecede	Assets/audio/weapons/foley/stg44-grab-03.mp3
9b5fd966bf34615b146e85bfea92e60c1958b13b1da1d8bcaa95f45b633fb538	Assets/audio/weapons/foley/stg44-handling-01.mp3
8a7c6da407aa083506161f37d2243f7f8f43d645e40bddfe81633677b61b7d15	Assets/audio/weapons/foley/stg44-handling-02.mp3
50c167fe4c6ffd14f0f569bc58f69067c6e3b9a2a33cbe327b4ec0b560f9093e	Assets/audio/weapons/foley/stg44-handling-03.mp3
21d9407c4a0ee95a6dbafe44e26883a73748b5e97d634cf8608baa0950efb5b6	Assets/audio/weapons/foley/stg44-mode-01.mp3
e32efe0345283d8af9d9db222329d836262e756fe926ad13ae222adb6c76b251	Assets/audio/weapons/foley/stg44-mode-02.mp3
92f1cc5acded09d20cf9135882f641d110a6af769fb6eff48cf34a9b490c58d2	Assets/audio/weapons/foley/stg44-mode-03.mp3
76ab2370de39cbf4830835649842f341ffdf00d7b30461b6b37b7b034ed2ed53	Assets/audio/weapons/foley/stg44-reloadCharge-01.mp3
4eca0659f788988ef7491e61a05831af85326fe610e34776c922ebbe7c56ff31	Assets/audio/weapons/foley/stg44-reloadCharge-02.mp3
da416f172d6307f9a686d9ed122b4e129a2b1dd423ef8a44cca09a6550ebd176	Assets/audio/weapons/foley/stg44-reloadMagIn-01.mp3
8a0ffdbab5cacbf7800cc79a447e1d952db00ba9c612ede415d5e4d248dfe14c	Assets/audio/weapons/foley/stg44-reloadMagIn-02.mp3
18da1f1ce2f3cde1bf917b957599598250d6cb84640e55006ce2fe26aadf58fd	Assets/audio/weapons/foley/stg44-reloadMagIn-03.mp3
f569173cbca1056df84cb722b7b3ae2aecb182a5abb7b4a282f6e665915635f4	Assets/audio/weapons/foley/stg44-reloadMagOut-01.mp3
2a9a18545a1db3e34860ea22ad5c2623c50bdf0c6e4bc55c01de35000e417df7	Assets/audio/weapons/foley/stg44-reloadMagOut-02.mp3
c37e7c9635bc045c5fa443397ed9e821d6e90605f7686022cd4965a35f135819	Assets/audio/weapons/foley/stg44-safety-01.mp3
3ed872dc8cf2c8b6f74699335665586048727967f6e6ff1c70226c9dbe28a45c	Assets/audio/weapons/foley/stg44-safety-02.mp3
171781b4f94a4ffd0d319c7b6729b30852c6d47e4a5ad5390e1cce6af763a81a	Assets/audio/weapons/foley/stg44-stoppageClear-01.mp3
c42feb4ab6b00d5d1fbb7754e0f76fccb353c4a42eede13f4014e2261925e884	Assets/audio/weapons/foley/stg44-stoppageClear-02.mp3
35136897bbc65f61a465c82a3e0aa46b29af8055d42ce2b5d97c0fe84b847e68	Assets/audio/weapons/foley/stg44-stoppageClick-01.mp3
374647d4cfe23f54ef2a67b867bb22f715d3e9a072bf10d8bb438b85bea08975	Assets/audio/weapons/foley/stg44-stoppageClick-02.mp3
e21bfd3197322efb97beb20e28d9d25c793fe34941be27392412dee095628b18	Assets/audio/weapons/foley/svt40-grab-01.mp3
58dfaa7dc74433ecc5e62b26e6a42ccaab2bda56a60330440d263744c4dfb654	Assets/audio/weapons/foley/svt40-grab-02.mp3
80f2ba1cae7e5419b1858013a2a257128825a570e911c1d723cada6c4d1696ed	Assets/audio/weapons/foley/svt40-grab-03.mp3
fd9052ee539fceee6d64d136a7ea4c002e97e553f894198374ba9a6a204d37ab	Assets/audio/weapons/foley/svt40-handling-01.mp3
ee6018c4aa84f406134ca34baa71a7c6659d238ad7ca71167a1be2168b63aea3	Assets/audio/weapons/foley/svt40-handling-02.mp3
36c9dacfddfb4fd81eb6d7b61ad8213cdee5ba308eaf27835cca6ee50fa6771e	Assets/audio/weapons/foley/svt40-handling-03.mp3
cc1d5505cea4cd76d375db51878fa03b3f540ad2f4c4ce388b9127ca8a9d7ecc	Assets/audio/weapons/foley/svt40-reloadCharge-01.mp3
b47e990cf6ea4800edd20ca2438fddab01a30dfd54e10e1aa7497df49912584f	Assets/audio/weapons/foley/svt40-reloadCharge-02.mp3
193f89e2edada20710be3fb0d115b8eafade32e1c6efaac05e141de2df549a50	Assets/audio/weapons/foley/svt40-reloadMagIn-01.mp3
b4343748b0d3d7fedf5ccb3ee3e49d923ee1d404bea31ed212a7abeafc1b243b	Assets/audio/weapons/foley/svt40-reloadMagIn-02.mp3
cfd02a1f34705a5416d573b3760eafbc24b39eda066c72964ed122b78e09c4cf	Assets/audio/weapons/foley/svt40-reloadMagIn-03.mp3
c2779abd56d35ae6ad4b3d7ef58da18d0e86a6fcc17ef928aa5435735c4dbc80	Assets/audio/weapons/foley/svt40-reloadMagOut-01.mp3
0fd31eec721d5e94c4b1a25de8f28ad58e858baab57770d4089174b5e95baee3	Assets/audio/weapons/foley/svt40-reloadMagOut-02.mp3
6cd611dd6b9b7d36446a4a54587dff5bb8798dd1e6470f28a79ec9837963da5c	Assets/audio/weapons/foley/svt40-stoppageClear-01.mp3
8fc82f96382b75af475da50bfd731ccea8f0962e8afd70a734e89723a7fe9d88	Assets/audio/weapons/foley/svt40-stoppageClear-02.mp3
d374b81135d5798bba860af6df00837ea775d85cd9280b6d4024295f93bba179	Assets/audio/weapons/foley/svt40-stoppageClick-01.mp3
492a642e523fa60b7fefdc3fecd5e9c59fc1138bd6edd41aed0b53cd70269dc4	Assets/audio/weapons/foley/svt40-stoppageClick-02.mp3
8e3d253a889a1364dc26059896a7e62cd3532e2c0a2778d21c432f6d4c8f5ede	Assets/audio/weapons/foley/thompson-grab-01.mp3
c86603fff7ed94a3a1e781bd6711b9194dbd0730b63a207491dc0fc93be6df7a	Assets/audio/weapons/foley/thompson-grab-02.mp3
a79b5f0968694992cf0e315499173b1aa2ca303c6f94962c31fb9daf4e37b372	Assets/audio/weapons/foley/thompson-grab-03.mp3
c0fc0839af5563721865b2488f26d78eebee92f5b4ace523fbc7d0392bb1f341	Assets/audio/weapons/foley/thompson-handling-01.mp3
983f16382f8b8110541301d99dc42aae5cfc4f39b2ba6e7d2db07796bca308b1	Assets/audio/weapons/foley/thompson-handling-02.mp3
793e38a3a5591014c9eae27d8fbe98e37bad81de70000ef562a7787d4e886458	Assets/audio/weapons/foley/thompson-handling-03.mp3
57f9a99ae367e2460ed55b3172180f444b2df4579a7fae94333c8cdc32a37d48	Assets/audio/weapons/foley/thompson-reloadCharge-01.mp3
87f6b006305d766a36263d9ccdb5c3deeb69f934d3e1d9ffe3d27f3754cd3c3b	Assets/audio/weapons/foley/thompson-reloadCharge-02.mp3
280f8adb3d0bf8c8de5046153ffbca7ad931fb88dde8edfa3a230306d5d648f9	Assets/audio/weapons/foley/thompson-reloadMagIn-01.mp3
ccc43010ae7d2920f5a566096529269a6a686e249c0aa73920de92f59e5182a5	Assets/audio/weapons/foley/thompson-reloadMagIn-02.mp3
e3b8992b9c3ff097808550a06a61a5aac014d0e8326674f4593810fc8aafc539	Assets/audio/weapons/foley/thompson-reloadMagIn-03.mp3
f2a896a89dc63c4a6cf9ef36ce7d4d6672f23a34694c70015ec9b4c8d438534d	Assets/audio/weapons/foley/thompson-reloadMagOut-01.mp3
3831c6a82e96698b953e4e41172b1ca732b2a7019b74101443bafd5040bf8155	Assets/audio/weapons/foley/thompson-reloadMagOut-02.mp3
b038c2abea5e78ea0197911b6dfbb54e062fd39e879c8287eccfce85f89c328c	Assets/audio/weapons/foley/thompson-stoppageClear-01.mp3
e90da12657915fd937990cfeb5fe8720f3741e27a59131c1d5e2c5fb7fc62eab	Assets/audio/weapons/foley/thompson-stoppageClear-02.mp3
0815244644ef26df55be674f60b74b7324282827fce79372df660c2d5714d93b	Assets/audio/weapons/foley/thompson-stoppageClick-01.mp3
22b45167ee1177695312d3a263163d94a8b126dffb217d5050c02b51a35afd1a	Assets/audio/weapons/foley/thompson-stoppageClick-02.mp3
6cd65c3a6d11519fb7cd7548d1d2d6d34d3593ce1cb24a5659334b58acc92516	Assets/audio/weapons/foley/tt33-grab-01.mp3
076e5e26942f12f59ce60055d80b23bd05366974f20a790ec0f6664cd27b0c1f	Assets/audio/weapons/foley/tt33-grab-02.mp3
bd5e23f67cc026e76c60c11fc24a85b52d4c686624f97876c7ef7fc50ce1a3ee	Assets/audio/weapons/foley/tt33-grab-03.mp3
8b734f82aaf05a1defca2af68d21407c0641accccf7b8707ab852c1788d9f066	Assets/audio/weapons/foley/tt33-handling-01.mp3
41ea92068bd52975013e3f2bc5bfdc49f01e19a0c3f3af36f55acf86e9a13855	Assets/audio/weapons/foley/tt33-handling-02.mp3
da86e641aba57a1083663c0af7bab82be5363edcaa18c116fcf96eb6345ff284	Assets/audio/weapons/foley/tt33-handling-03.mp3
06c6d0f4d3498cede7274476324d4dbde41b3b5c0bda8589ee390603f2dd1ab2	Assets/audio/weapons/foley/tt33-reloadMagIn-01.mp3
0566fceeb5cf9f4513442ae465a2e8f4a105791044cabd5a027429a2c34f2285	Assets/audio/weapons/foley/tt33-reloadMagIn-02.mp3
78aa84375f865f7ce87bbfe138348045f9b02304004bb764b12b5ab7504ba97d	Assets/audio/weapons/foley/tt33-reloadMagIn-03.mp3
90a2f5046e299d5fd5b4a9b8c36d5e0e9d5fbbe3e022d3d1e9dc09af33e87d8d	Assets/audio/weapons/foley/tt33-reloadMagOut-01.mp3
d407976342dcb7f82a65f054ab9ecf4d1a755425d7fe5e92f5b7cb4492bca0a1	Assets/audio/weapons/foley/tt33-reloadMagOut-02.mp3
19167fd1b4f067e691506cd0ebb580b754465c2e6856ff33cf8c0a2b2ab11ffb	Assets/audio/weapons/foley/tt33-reloadSlideRelease-01.mp3
dcfc7d4fda115fb2d16fb624ea396709d0fcd427f7344b036356ce98276c0b4e	Assets/audio/weapons/foley/tt33-reloadSlideRelease-02.mp3
91a2dbb433b4019372aa1a6784b0a5fc283452490c8fc9468043c41178ed9375	Assets/audio/weapons/foley/tt33-stoppageClear-01.mp3
ad0194c8c7a78b5bb982b065e5fc844e7db9b3a764d9bf83ccf85ac9c970810f	Assets/audio/weapons/foley/tt33-stoppageClear-02.mp3
37a3b86416867c4d7ec9d6c98c7eb4ffbdfe5d806c76722d0f079e1e00621173	Assets/audio/weapons/foley/tt33-stoppageClick-01.mp3
f67d0d4e21163b79379a8abc314d58950075dd0efd627cd6f0758cb84ce04105	Assets/audio/weapons/foley/tt33-stoppageClick-02.mp3
028b2f9913c5e93d20fbd6c5d2379d93a8bc42b0a1577b9dd358d53cd9371167	Assets/audio/weapons/g33/fire-01.mp3
494a8141346be4a23c2ce547ffa769f4da1c733dadc618ba02b205af9cc968c8	Assets/audio/weapons/g33/fire-02.mp3
0b3f8a1ad2a83047598907398dd214ecadce1589da631690dac2ebc97c5acea4	Assets/audio/weapons/g33/fire-03.mp3
e57b7402d570e53f2169fdb2c7c599080015a96a7b314aae102eb0858847e866	Assets/audio/weapons/g33/fire-04.mp3
7458c79f2615b34066601fd019aa728370acefa84bcad4a8fdc0bb2ea335f887	Assets/audio/weapons/g33/fire-05.mp3
aacb55a1f6f7db2ac61a31c6ba1706f1cdc2e1f7f170b6b7b508c3cf579804d8	Assets/audio/weapons/g33/fire-06.mp3
27af80947dc336bcbfcc53cbdabff3838aa07c37687e137cebdc8efca513b63c	Assets/audio/weapons/g33/fireDistant-01.mp3
eb2528fa37559418645abe9b1fb1b51b530231adb2470fc2dddda4a634411be1	Assets/audio/weapons/g33/fireDistant-02.mp3
3bbc7743eb45887b3592e49debd3e3375c0f7270c077e22e9eaf4b2dee7ad872	Assets/audio/weapons/g33/fireDistant-03.mp3
3fe31d84149f11be70c5cec16821188985b1127b164c22e1693654c402723673	Assets/audio/weapons/g33/fireDistant-04.mp3
89ba02ebf1563ad937d010f50d29ba9df3fa12c09839f22197a36868ed7a2fdd	Assets/audio/weapons/gewehr41/fire-01.mp3
8a83f5592a1942076074ed44974f0897bf9a9bc084a89c1e3f71f49fe125d5ef	Assets/audio/weapons/gewehr41/fire-02.mp3
58005419f1192dc42f2b22208a9ab1da599404b4a704f3b0ccb13eb5bdb124bd	Assets/audio/weapons/gewehr41/fire-03.mp3
ea3ebba9fa871e46519cfe9667e357ca024af5fde6ea7ae5f65c051fa2bbb4f4	Assets/audio/weapons/gewehr41/fire-04.mp3
8cfbb4fd8f94d7900f9e913ac8f3afa5bd46d245667270c2c538174f0e6409c0	Assets/audio/weapons/gewehr41/fire-05.mp3
43a2b169884d85ea3e07c47774e3f2e5b0d6ddbcb6e21b42623de836bb7f4410	Assets/audio/weapons/gewehr41/fire-06.mp3
630dc06eb9e44b17793ff9acd7789845a6a0ff67bd73b25b49b969fef27de8f2	Assets/audio/weapons/gewehr41/fireDistant-01.mp3
55e5909312436130b8a0ff34f3e228195ca4c2655c29db2fe1d96fa5ade5ea3d	Assets/audio/weapons/gewehr41/fireDistant-02.mp3
6b7cb3a756aecbd04eead399b3315459e67e73e98ac28530f6dec3f1d43273b3	Assets/audio/weapons/gewehr41/fireDistant-03.mp3
564192034e2fbd10ffc6566db6cb8727dcb49b9145195d774c2612efa028ec73	Assets/audio/weapons/gewehr41/fireDistant-04.mp3
1f3e36dd5504e3ccf5a20ca0dfcf86cb56410fdef83a774028cbfc431c881bc4	Assets/audio/weapons/hmg-m1919-burst-01.mp3
32c12edce675ee93b480867b648a99fbec93236c6fd22902a14f7021b43e2e66	Assets/audio/weapons/hmg-m1919-burst-02.mp3
7d0dd00615d2576c0b9a69ad6c491fd20854e7df8aa721f6b8a0b44f7e26eb3b	Assets/audio/weapons/hmg-m1919-burst-03.mp3
df420ab231ca7ede824330b107dd5606af56bc7bf8e088978a6fd2be4faaa1e9	Assets/audio/weapons/hmg-m1919a4-01.mp3
072900fa9f43f7d0f15cccceb0123be1fae75825ce6889ea6ba17e1cb0d98083	Assets/audio/weapons/hmg-m1919a4-turret-01.mp3
e92c0155f1018f305e8610082752683265b3c7690ed4f11fcfcb972d8cc10527	Assets/audio/weapons/hmg-m1919a4-turret-02.mp3
805fb3c8a2f1f1f7cc6f598ff6b19be4dac0abbf5f6e6e127544c5251e2eae4d	Assets/audio/weapons/kar98k/fire-01.mp3
98eadc3130654f9c975f26a995da8d6cb1cadf5c1d8ce45e09e11e86fd6bf242	Assets/audio/weapons/kar98k/fire-02.mp3
16988ab9700cb3297a34b505e938584eeccb2bd948d13e2f9b1bdaae7d4d379f	Assets/audio/weapons/kar98k/fire-03.mp3
16315805340417e898b0f1894baf9d7778647af55abd53cce897b375510a29ba	Assets/audio/weapons/kar98k/fire-04.mp3
aaf9057e3fc9a378939fd7df33292c5fd264e4ff5d46bdb0b1b433668be90398	Assets/audio/weapons/kar98k/fire-05.mp3
0599facd323a3bd26283c0f996ebc9e20b9d7a4c5af5883a3c871f6f376ef125	Assets/audio/weapons/kar98k/fire-06.mp3
4bcd76b0b991b3536cdddbfb63ea6469fcecacbe05cfd058ccf909f43d99f315	Assets/audio/weapons/kar98k/fireDistant-01.mp3
3d2d9c10fef08c5348dc9fa6121b663f4e5103ed93212ecaafc521d490a937a2	Assets/audio/weapons/kar98k/fireDistant-02.mp3
3e8a941f06942a0e1aaf38ff0a2c1d1f570b22cdd29e4e1785963649c07005a4	Assets/audio/weapons/kar98k/fireDistant-03.mp3
80db3724bcf66d524e28f3b4ad5c1c1967c3aa3e20123cfad01e352c24a36e28	Assets/audio/weapons/kar98k/fireDistant-04.mp3
0131f3a065fa58319b68c322d677d3a29c8bedcef12029ac6f0c4ea280f569fa	Assets/audio/weapons/m1-carbine/fire-01.mp3
55382e5706e70758583f074a4c080fde1bd27a81021b5894f2511285693b2c62	Assets/audio/weapons/m1-carbine/fire-02.mp3
60b21a6525bb65d47dba97fa8cffadbab28a682b5bb5bb52cd600e3e0a30fdcd	Assets/audio/weapons/m1-carbine/fire-03.mp3
51245533f85230a2b9665dec9497169ddcc15b27b7653bcda45524bb8cc56987	Assets/audio/weapons/m1-carbine/fire-04.mp3
713075a428361a0002a91e7a176dc3798cc8b1355492f7756deac64697702b28	Assets/audio/weapons/m1-carbine/fire-05.mp3
34efc883ed91e5783fe8e21e1b3d475cbae21395402a1dfdc81e721efd48a636	Assets/audio/weapons/m1-carbine/fire-06.mp3
91e0cc1d22084ce9ca4b23c72de1bd5e6ea6268116f368a90a77609cedc5e62e	Assets/audio/weapons/m1-carbine/fireDistant-01.mp3
2b7024ac97f064b549106a076fc0c4ae2fec10842464e292c269bef5fa9824b8	Assets/audio/weapons/m1-carbine/fireDistant-02.mp3
6310a1c99f79fac8164dd28511d165ff3cda98d5065ad8ae59d781c94a8a5051	Assets/audio/weapons/m1-carbine/fireDistant-03.mp3
139e316d0a84fc664921590e730efe6a5429f761a2ac6f712d7c2ab14af2da4b	Assets/audio/weapons/m1-carbine/fireDistant-04.mp3
1ba33baf75a9a7a7580d2cb364fc3139df72666c4e42f0332af1058734a1908f	Assets/audio/weapons/m1-garand/fire-01.mp3
12b36a3f14ef6428135cfc17e10999e0342950c9f28be18d780244f0fed4e40b	Assets/audio/weapons/m1-garand/fire-02.mp3
80f2b6ec6dffcab0ce7b72666e23625bf04331bff4e8c844d31b08d4585c45ec	Assets/audio/weapons/m1-garand/fire-03.mp3
5f1503c6a224724f2c943127fcf964e3c1abedfca09c30d1cc6e4066fad3d8f5	Assets/audio/weapons/m1-garand/fire-04.mp3
6bfdf61ec8c3b0df2fe4fef25d52126881e6ffb9e95f1885ece187aee2ecac6b	Assets/audio/weapons/m1-garand/fire-05.mp3
598267fc58f28716bc88091464ee4dbfd209ee2ccb8f85121266954fa6d33c1b	Assets/audio/weapons/m1-garand/fire-06.mp3
1dd07380dad72e57a1a233590224a3b8bd6e68e3cae1424fde90d2aefbcff6a2	Assets/audio/weapons/m1-garand/fireDistant-01.mp3
595c2ce8a626aba22274b498df39335fa0c5414abb2da75c7904d3d977ee2078	Assets/audio/weapons/m1-garand/fireDistant-02.mp3
32e70d4c6c61ba19cc77dc0dc5dbe761e1f674a6a43649389fa624179d58e76d	Assets/audio/weapons/m1-garand/fireDistant-03.mp3
ac85ce779b95b2bdc0b80a5862049d2973d5632ce4ba9a89bb81d42705f0893f	Assets/audio/weapons/m1-garand/fireDistant-04.mp3
c52ee73dc49c52deca903fcdb686aa0c5af4227ecf3cf5ceb0a902f06868edcf	Assets/audio/weapons/m1911a1/fire-01.mp3
3ff7987114eb6d93003dfe971f8c78c19b514e57e00f8c9edb32993885e902e6	Assets/audio/weapons/m1911a1/fire-02.mp3
15eab1f8e66002c7e443ae00ee115f37c4d7eba2d70aeeeaff0a9747861db213	Assets/audio/weapons/m1911a1/fire-03.mp3
fdb960f98f962874b9940c5c5328125ef4f798f96efa8c16394021bf88603a52	Assets/audio/weapons/m1911a1/fire-04.mp3
02a2adef604b17bb5c61280a036b63994312f9d3601efd64a8d309c93188f5bb	Assets/audio/weapons/m1911a1/fire-05.mp3
88c59dff6839f3fa76fd4fb6b31c14a7f606e6b57a04e4471906772d00b7e09c	Assets/audio/weapons/m1911a1/fire-06.mp3
5a32067cf6e70f1f98a85b90de2ae877d406db469685641de416c304bd7ef8f6	Assets/audio/weapons/m1911a1/fireDistant-01.mp3
2490c821a855fa55c9e5a293603484cb002fcadb6d3ab8ce0bb7bee48cf19478	Assets/audio/weapons/m1911a1/fireDistant-02.mp3
6bf0c5f8a3b8a77bedb0ccdb3f2a3adbd4258e550dea196e6cb45fe2c09b7ebb	Assets/audio/weapons/m1911a1/fireDistant-03.mp3
951bf8f7dc0a8b4cfdb08ffd47897f036e619b7210c2bf0c6c9f73a12e107b4f	Assets/audio/weapons/m1919a6/fire-01.mp3
8f2ed9417b27dc0c623e30cfa691f18a1bb3f94eaafb79b7c9b200944c6410f6	Assets/audio/weapons/m1919a6/fire-02.mp3
a5bf07c2f7412cb92a1327602e7c2b0524394aec9a41d565210f24212ad3bb43	Assets/audio/weapons/m1919a6/fire-03.mp3
089a2abedf82026d0544658ecb76e10339b978029ac5dee981cbc93d8599c15d	Assets/audio/weapons/m1919a6/fire-04.mp3
441f78e0b77dbbd27483deda97aa7aeed03747d4b585dc3cefb48a13f0625c3a	Assets/audio/weapons/m1919a6/fire-05.mp3
2e7eabcd7ebae1636e44c0700ba177becc8f8f692a5702db45984220f4817de3	Assets/audio/weapons/m1919a6/fire-06.mp3
bb280fc683393dd86f70b91a0603ee0ae9884b05f04777c36c564d486e05591f	Assets/audio/weapons/m1919a6/fire-07.mp3
6b4061b316c9cddf8d1b86beef07615d6b063ab5d32e052353a02c3cff813cdf	Assets/audio/weapons/m1919a6/fire-08.mp3
abaa4d6f16c6dfca45395600bc76018fbb90a9ad54f7091cfd02cf2eac17111e	Assets/audio/weapons/m1919a6/fire-09.mp3
7aadce50fd831dd6907fc0aed3080bd01fe086aa5c09215ec66c53917d252cf1	Assets/audio/weapons/m1919a6/fire-10.mp3
4be1b3cb53b020d203c970f56a598bf3978741023b1d7bc00d851c62a0c98f0a	Assets/audio/weapons/m1919a6/fireDistant-01.mp3
4193ab0872b015243dd39612157d9658360d53ae27dd2e7ca41702580c9ff50b	Assets/audio/weapons/m1919a6/fireDistant-02.mp3
17c953afe645a34cfaca62b6e0ebce8c57bd2e24744f2b0961bad42449d902e8	Assets/audio/weapons/m1919a6/fireDistant-03.mp3
07d3db85e3f5406905fe08e44482e2147b94e1a778087b90e9a63b32c1577a5b	Assets/audio/weapons/m1919a6/fireDistant-04.mp3
6f86eb1f3ea0470042ebb1974074015c536be7e8dae56f17ac49a67895bdd586	Assets/audio/weapons/m1919a6/fireTail-01.mp3
c6dabc2451df72a404837e48067c7e92aa33f35bde2cc0372783fb8180f4bad2	Assets/audio/weapons/m1919a6/fireTail-02.mp3
0d4280de2e0c8ad8ae9bdc04c0d289cab42f6d36b3e488f7462e93eb68ac8660	Assets/audio/weapons/m1919a6/fireTail-03.mp3
0d4546052204d15db86a96792231fa7d657c384a2a7b49275642fc3bbafc0e45	Assets/audio/weapons/m3/fire-01.mp3
bf864675f6df45a350f66243a70fe5e42ae5367103c6ab487c5175ddeff1ffc0	Assets/audio/weapons/m3/fire-02.mp3
c126d225d630ce9336adef6e7e2788512293db842901b2652ea8d6d765f9aeab	Assets/audio/weapons/m3/fire-03.mp3
7c78689daffcc2cccaa1a415653942987558a9eff1031a41ba8351a7da942182	Assets/audio/weapons/m3/fire-04.mp3
99dcfb674022b074806bff72b3857e3b970543499e63ad91dac0f795bb8f5a22	Assets/audio/weapons/m3/fire-05.mp3
6a0e717f61752a795a66137c550c5505cf6ae388662b8d63eab2bbe43f21c08c	Assets/audio/weapons/m3/fire-06.mp3
fd81f1f4dfa796d045e3b678622467613fa17c36f34786f1c3c89c0231158b16	Assets/audio/weapons/m3/fire-07.mp3
b1b65ef41ce239e04f843086fde9d28f07bfa13363e1e03964191ce6401e7a79	Assets/audio/weapons/m3/fire-08.mp3
8b88cb1c3595b8e421f5be1044b6ef7806a151f93a25998a7bc61d6cd28fb25d	Assets/audio/weapons/m3/fireDistant-01.mp3
09d104c9c1a2fef9befef1d5006f47447f36c7326eacbfd7deb0045508999276	Assets/audio/weapons/m3/fireDistant-02.mp3
463f00a8e4bfb281a53d44d32fc5a41ab3358d514c8a63242decfc332341c4bb	Assets/audio/weapons/m3/fireDistant-03.mp3
37654b7f3d8efbd237cf7f71d2a8d3ec2e958c7e9454fdae96ca773c3c21c28f	Assets/audio/weapons/m3/fireDistant-04.mp3
2e9fdc2154c51feb548eb10f8e17023b70034dcdc9ac224e3a1a4cb771c02e6f	Assets/audio/weapons/m3/fireTail-01.mp3
087b5631e9af7b56f89ec2f2cc9a8beb20be5bc79f4d3e47764a131a97a09478	Assets/audio/weapons/m3/fireTail-02.mp3
b46752e560267852306cfaa9185a240ffe1075b2226dfd6af7396eac28fd6885	Assets/audio/weapons/m3/fireTail-03.mp3
d28065d8a95e85d3ea943b5b3921adf53108330197048c3ef378cc99adb187e8	Assets/audio/weapons/m30-drilling-rifle/fire-01.mp3
2e927bbe1cb6c4e33f45c5a7df7e0c9d4126bfaedc7f25399eac1703c8db29ae	Assets/audio/weapons/m30-drilling-rifle/fire-02.mp3
07ce5152dc6b75c796e112c37e2e8315ef4576fccd35b9097bc74960c738f5d2	Assets/audio/weapons/m30-drilling-rifle/fire-03.mp3
42fe201151478ce5be2b2c2a4231dfa544c56cfc00245a14ac1beeb06aa09073	Assets/audio/weapons/m30-drilling-rifle/fire-04.mp3
0c566b49e840f5ac61cc7b42fa0c66a77e616b1cf92c11b050b4ec3dc30dbb73	Assets/audio/weapons/m30-drilling-rifle/fire-05.mp3
d38f0d83aeb72805eaf7d5843b363d2b691dd8694ebe7896b5fe62fe9f7ca1f5	Assets/audio/weapons/m30-drilling-rifle/fire-06.mp3
67389fe4149554e8568e00305d61b59170660f2c498ef4a6594911d7996e4c75	Assets/audio/weapons/m30-drilling-rifle/fireDistant-01.mp3
9886f625daa2a5f8806ab4428aa516343aee2b8580efe9feba0ab1fa7232a987	Assets/audio/weapons/m30-drilling-rifle/fireDistant-02.mp3
b0f678efd19a7b07360da954e558e5fee41d1bb0fe46ccd35d2d630b957aaeda	Assets/audio/weapons/m30-drilling-rifle/fireDistant-03.mp3
0f18c419b9c25c7ff1883b6f4e7ddc5d8a02aa0c9a528d18b319b225a6e6b6c4	Assets/audio/weapons/m30-drilling-rifle/fireDistant-04.mp3
6867a5fbd5aee5c7127e433d43347ed3bb169c1af3dc522f76c23bf0e948f1c9	Assets/audio/weapons/m30-drilling-shotgun/fire-01.mp3
8898351258d9961950d629c0af1200986ba3a1c810f5014732bd16bed048f9bb	Assets/audio/weapons/m30-drilling-shotgun/fire-02.mp3
14569938806b195c154b097d1c65fb3b1e6821cfd5fab5bccd3f9a9ae317d580	Assets/audio/weapons/m30-drilling-shotgun/fire-03.mp3
735818dd78cf502d74379775c8b6ad471c3e268bba3807530a7f890126fe1cdb	Assets/audio/weapons/m30-drilling-shotgun/fire-04.mp3
8173f5ccbf16f133cd977d70275b96277aa9da10e1885426f3e510dfd8d7a948	Assets/audio/weapons/m30-drilling-shotgun/fire-05.mp3
b4fb7876645446ee64b9fa8b24250c32224c207d8efef182f5b1faa16c0a5c11	Assets/audio/weapons/m30-drilling-shotgun/fire-06.mp3
a99b85d79cc7f423aff693151a8354147b27aa81c8a2e13808fcd0b821816c79	Assets/audio/weapons/m30-drilling-shotgun/fireDistant-01.mp3
79829b2e6e121ce514c6a77400a7235ee0e3e7ae34d6f84eef188e6699125079	Assets/audio/weapons/m30-drilling-shotgun/fireDistant-02.mp3
21d419b276f1652de318037d52a08b31bd55d196a790b9387014fba6a4e75700	Assets/audio/weapons/m30-drilling-shotgun/fireDistant-03.mp3
8cf5353438ebcf44d9b5f7bc15c45a38487befd865bf89b095248115195a277f	Assets/audio/weapons/m30-drilling-shotgun/fireDistant-04.mp3
05a72f3e16a76bbf208f7261ea968646707e8613ff0e9baf578f8d35b4d7d580	Assets/audio/weapons/mg42/fire-01.mp3
af451dc179eaf4dcfa47b7de52013b4bae5e9c46a86488ddfb1c81cec1ade394	Assets/audio/weapons/mg42/fire-02.mp3
fec064e03c379873bd74c110c8741add250a84752715c4335aa5b3bf2a8e8115	Assets/audio/weapons/mg42/fire-03.mp3
db4234d9b740e5de673e62ad37e8d6681e0df134ce620fd0cf03f2645fc755d3	Assets/audio/weapons/mg42/fire-04.mp3
a8cdb9d8be593b906c754d060b6e3f67e6da4a3b2e425fd44335e6f13d2c1763	Assets/audio/weapons/mg42/fire-05.mp3
65108d120278acb11e44ef7f4993a6b161f0b0f61c0f603537b48bd0390b440b	Assets/audio/weapons/mg42/fire-06.mp3
4d5ee741fc6419466a55805ad14b9c1e5e874b91c3a76000d5b9b50a5d778206	Assets/audio/weapons/mg42/fire-07.mp3
310b0e79e0674afd4b963d884a3bc359fc59dbaac7189ac45bec91d2cec7f567	Assets/audio/weapons/mg42/fire-08.mp3
8b5f5bff8754a5c476669494a23b5fc0b2e306d3c4ef80f0a79969f6b65d4831	Assets/audio/weapons/mg42/fire-09.mp3
4d016ac637f8c8f116de2d9af4c2ef57748ddb2b92aec1b782cd6e8e3498edb9	Assets/audio/weapons/mg42/fire-10.mp3
9741891a9ca13f5529960505e55ab4a04431c2bc6604fd76f88cc8a94d987bd8	Assets/audio/weapons/mg42/fire-11.mp3
01b16ea6306485390f614a60668a71d2bd495c4906ecd2bea1fa16a7786ffaf5	Assets/audio/weapons/mg42/fire-12.mp3
3745fe963ec71cb0695975ad81f58a97029fd8a6d7d400d1e4b3c94d4bbc49a2	Assets/audio/weapons/mg42/fireDistant-01.mp3
26619a6c79b851d5adad75e5abe6a0ee265c28e6280ef85db04d9063773ff1fb	Assets/audio/weapons/mg42/fireDistant-02.mp3
6d014349850c60a0cb9b7e0f82c8af3a0a79422fd0d5dfb66dde4e90f7b81229	Assets/audio/weapons/mg42/fireDistant-03.mp3
f728f2cc5481dd5dbf7813d7e9121931a4871bcaad584fd675ed4c5a8517ddc2	Assets/audio/weapons/mg42/fireDistant-04.mp3
ff8825f458fcf4ba2358b0b245de7e8f2c052c525dfb4623fea7f06c3106f35b	Assets/audio/weapons/mg42/fireTail-01.mp3
7bedcc8fc2263892ce9f28fbf91b6a8d1183ac6f63f3f8542ee34e56c39502e3	Assets/audio/weapons/mg42/fireTail-02.mp3
67ae8a1a9d41cc31d61a535224c2ca914a28d8a4cbe25a301c281bda3e71d3cb	Assets/audio/weapons/mg42/fireTail-03.mp3
9daa16a084d6411b6d5552dd394e0aa8f86b643858f0d7aa2d0c83f599cded47	Assets/audio/weapons/mosin-m38/fire-01.mp3
728bdf7c5df6a8c08f4849f64508006712bdff1acc18c6bcc08de346750090a4	Assets/audio/weapons/mosin-m38/fire-02.mp3
e3ca86e48054fb45655b42b1ee37a4f2e567dc48e84b128cd2599601c4bed8a5	Assets/audio/weapons/mosin-m38/fire-03.mp3
f4758b08663c782170c9530ce76554db739c0fd413d741a370712bc8ea7568d8	Assets/audio/weapons/mosin-m38/fire-04.mp3
bb1904d2990d171ffce5077e645f9bc47231692f2e6a050ab7d1a41e3bc6b31b	Assets/audio/weapons/mosin-m38/fire-05.mp3
41ae9b4799c2adfefc7e85adc616bcbe61f155fd7554614a7ef2c88d2138488b	Assets/audio/weapons/mosin-m38/fire-06.mp3
11e2c9873b5d1f98eae82ee305a6accb937072df79bb26f55e50529c492ae0a8	Assets/audio/weapons/mosin-m38/fireDistant-01.mp3
700488480830f169f9a9c290055e6d9644d30a4b574762e0a939a48f8f10f1d5	Assets/audio/weapons/mosin-m38/fireDistant-02.mp3
f0cad78055f1b066019d204b81b1e3c8a3a44828d3dad5fff2122f8d823b02df	Assets/audio/weapons/mosin-m38/fireDistant-03.mp3
ae022f604cc57878b0dd999494799743dacd10b5a9a8af38fcdf55ae588857e9	Assets/audio/weapons/mosin-m38/fireDistant-04.mp3
152d381db5b104a9fb5426fdf6d5598585970596cd9f3f86271157f69f0568b6	Assets/audio/weapons/mp28/fire-01.mp3
688d4e9d7ff71729afe2661d3cb930298b399e7d010bc321a80b6b09c7d2ceca	Assets/audio/weapons/mp28/fire-02.mp3
12d354b0a53d136648599c98fdd7c98e9b4df6f338d2e65aa44a084f88bfcbde	Assets/audio/weapons/mp28/fire-03.mp3
be0a75958e0e34ea1f2028773bab2549fa2a7704f61d722440eb409c8a172461	Assets/audio/weapons/mp28/fire-04.mp3
d523e6ec9e75c38a3704744a656a4a7ce708f5838dbdaaab5f9a6772ddd95ff2	Assets/audio/weapons/mp28/fire-05.mp3
f23567f9fb60f28d6cca3072395dd2f3487e0a757d9ef35449b4011602255c18	Assets/audio/weapons/mp28/fire-06.mp3
df3de9a20828b0c3dda14d2015ce6fdfe2f570a43c6e09c9b7aa746d88f192f3	Assets/audio/weapons/mp28/fire-07.mp3
4ee93967805457f438ada623687612d583a26d7a2f035f5ef6b07e4ac18bc46b	Assets/audio/weapons/mp28/fire-08.mp3
d5563b9a1ddde119291b105ccc2f3893abb2a4896ec49a2ea31feb0ccb0b9ec8	Assets/audio/weapons/mp28/fireDistant-01.mp3
4857ed679503d2a939759b228804d7e15896dee4d7cfe1c9005bfd998a4242e6	Assets/audio/weapons/mp28/fireDistant-02.mp3
9a698fd9c0a2a84b76ef7829c2aae4eba3a988d73fd705f164b620fd83e0070e	Assets/audio/weapons/mp28/fireDistant-03.mp3
bad46f41b364a58038923df6da45e836b8d9084ec762ed403513361b0955d4a1	Assets/audio/weapons/mp28/fireDistant-04.mp3
77d150ddedf83a8d04a9b6519872d35b8810802b5e0baf40506ab5672592a57d	Assets/audio/weapons/mp28/fireTail-01.mp3
7447db65d26264866377a6abd3e785d01649f7917dfd8a603fa4cdd08821226e	Assets/audio/weapons/mp28/fireTail-02.mp3
a3cdce8f30e33b219a51ac6249e25c13e847e24dfed93f0c0d860b16f29c9578	Assets/audio/weapons/mp28/fireTail-03.mp3
7dc14972cc4c52a446dc21262c471a24d0578c852a3df77702bb65b5018d096f	Assets/audio/weapons/mp40/fire-01.mp3
4f6c521cedcf92c39e47742f36bcf272db1dfc846dcc1d06bafd3d1f6a20eff5	Assets/audio/weapons/mp40/fire-02.mp3
58ee67fe95180e7e796f76d86b369c9c71cb1f7a404ad334ea8cbf88d400a62b	Assets/audio/weapons/mp40/fire-03.mp3
27a44400066b138b81c64ebef7ab7108554bdc53420e383eddc505c7836230e2	Assets/audio/weapons/mp40/fire-04.mp3
81488aeac804b7b56f9fcc31493ac89c2b4395097a1fdae6ccbcdfb7a79b5e2f	Assets/audio/weapons/mp40/fire-05.mp3
ac41b70375f72a452abb4beb14a7f0b3e75fea916d1dc691892d1ab2013da4e7	Assets/audio/weapons/mp40/fire-06.mp3
024881b4a4edbbaa2c5396eb71260db6a8e196475a1e63147a34ade914bd0d16	Assets/audio/weapons/mp40/fire-07.mp3
f288e5e08431f56b45ffebb167fa2f03237feb7d329063c59b66e410df39d63e	Assets/audio/weapons/mp40/fire-08.mp3
b839af433ae04c243b48eeaaf2abbf0dee050cf659e7b4af656b6eda05d12445	Assets/audio/weapons/mp40/fireDistant-01.mp3
4b4cccca193b01190744639dab480c4dd9ffcf9115cc36a1134b05f131f29889	Assets/audio/weapons/mp40/fireDistant-02.mp3
8c55be92e70021a3848c1a5f59e334fe713e657bf5e383f0112dee61cd2aebe5	Assets/audio/weapons/mp40/fireDistant-03.mp3
8a320b3260356e31bc07c3d12da1cdefc1aec6fbe52a9a47ffa3546c9019cce1	Assets/audio/weapons/mp40/fireDistant-04.mp3
7437934365c354784009bf69b645a6e4865318c6fabc77747543b629cc9ae2fa	Assets/audio/weapons/mp40/fireTail-01.mp3
cf5dc220cbd5669f034e58e3e2481781b7113df4ce4f4aeaa566ba6ef240a507	Assets/audio/weapons/mp40/fireTail-02.mp3
7e0d14d73ae1c91c6d746532104653dcba3dca2beebb7c470d6cf4ada3fe3baf	Assets/audio/weapons/mp40/fireTail-03.mp3
3a7ecb364437956c8f9f41f093116ccb44e2ba2e3255b3d7d55215884033093a	Assets/audio/weapons/p38/fire-01.mp3
1870e315192401bb7addcd50fd01e4010d812e96a066d8b7bccf9e48e8829343	Assets/audio/weapons/p38/fire-02.mp3
98551c919db82f3cd7bd8bf85d17074cd3b74b97ed732c4d03aaa4a666d91453	Assets/audio/weapons/p38/fire-03.mp3
db4e128c2e25a5fc5a58c86a43d7577db58ba1e47f6d4a0462bea5de7b98d647	Assets/audio/weapons/p38/fire-04.mp3
f86d4eec8713f3d551ebcd5e88c60b18a9c03ab14bd04fea1e95955baaedcef2	Assets/audio/weapons/p38/fire-05.mp3
4b69f9b20e70ec39037a73c605343d08d8c339c6f1ba7031ec58a38c9459fc2a	Assets/audio/weapons/p38/fire-06.mp3
d6910b633e2a8e7deed138833501ac27a793070c92a19cf27f8a8179f55afdcf	Assets/audio/weapons/p38/fireDistant-01.mp3
bf4a310a92c7072ca04c718c7d4d670d0c3b2465a017f610353548d8779988be	Assets/audio/weapons/p38/fireDistant-02.mp3
e6640a239b2be734edea671651492f80e2255187661f7cbd64b5360886f2ce76	Assets/audio/weapons/p38/fireDistant-03.mp3
92f4625c4d50735179ccb3ee88a014725bcf858be03a7e8b86b0c89695ace63c	Assets/audio/weapons/ppd40/fire-01.mp3
a0a053cdacd0203bff76663f2e2964a2f23aded8c80861718fb282d659258d8f	Assets/audio/weapons/ppd40/fire-02.mp3
bced24fa5fde2a32f813388cbad7bd584b47c87a9bfe6a41ef53f8ae02d35466	Assets/audio/weapons/ppd40/fire-03.mp3
f93be612ac8786a2ef5fe612bc39946bb400d69addf1b43bd19906c408ea17ff	Assets/audio/weapons/ppd40/fire-04.mp3
bb8eeaf3f51e607f9d71d4f636f04ab8ff6bad30179011bf5278a83b8b246de1	Assets/audio/weapons/ppd40/fire-05.mp3
b9fd13a2c4cb15695d39f232468889f7555291ce7c73c4a1291b0a9e3dd94a4a	Assets/audio/weapons/ppd40/fire-06.mp3
68dbe3f688bc849cbae308de0466c05789e06dc084a320aa8010738fbf2963fe	Assets/audio/weapons/ppd40/fire-07.mp3
c2df309e58c2001a8689ede4e6c019e9af4380a9f8c5f996286c61a80eeb8b1f	Assets/audio/weapons/ppd40/fire-08.mp3
1b4b386c53f36d1f43bd6b0d8f6cfb19d7acb008af3b347de78264d4d58fae76	Assets/audio/weapons/ppd40/fireDistant-01.mp3
320dcabeb98a9a522b983e5ac8c1122e50a5d646e461e59c66b29412907a1a6b	Assets/audio/weapons/ppd40/fireDistant-02.mp3
6b5d4b2a2cc4a4666bf7ad24508a9bdc8fc3d0e821c1d420b2a55f560e5e3d90	Assets/audio/weapons/ppd40/fireDistant-03.mp3
21cea5cd14f175ac3ea601535e24f6c844b749717b2ff69c1339bbd603929ac5	Assets/audio/weapons/ppd40/fireDistant-04.mp3
80aabd5f02456a0600c0453597c1aebbf8cc1a1d81041aae9bb81aa872a49faf	Assets/audio/weapons/ppd40/fireTail-01.mp3
4eba2282278ad4f4517b24277579e220e5c2054353c5f8a760418a6dc27eec69	Assets/audio/weapons/ppd40/fireTail-02.mp3
fecee87c16016249d886db3718786fbfd09fc25d01c923ae60f7d6bdf6373652	Assets/audio/weapons/ppd40/fireTail-03.mp3
fb68a4335907f7f1b4fd0434528348a25a794a823ce9592bf8d40e156f17b86a	Assets/audio/weapons/ppk/fire-01.mp3
71a8f72beccd4c9c3786fa064fbaef82cc12ad28043d5fe6fe080c13cb3543e6	Assets/audio/weapons/ppk/fire-02.mp3
aa0aea65b3694136122f66dd979a390b75390533c18682f8163adb8b871b9f8c	Assets/audio/weapons/ppk/fire-03.mp3
035105527671a3f14e4749512edbe0034576dccf4cb01895ff133f8222b8da53	Assets/audio/weapons/ppk/fire-04.mp3
3a74da96d0d85e87d199cabe757e2822cdfbde78bc99e40f6cdbc8118244fda0	Assets/audio/weapons/ppk/fire-05.mp3
3e1f209c41490fe28f0099a5f691d39b77a240ef2971b1fb5482e145e2c0c8a1	Assets/audio/weapons/ppk/fire-06.mp3
9650068cf03a0a4b89d3d78e3ba54916b753df8d3ccfdaa7475fafdd411cde83	Assets/audio/weapons/ppk/fireDistant-01.mp3
c17cab11b46853aadea1f1a8afdc59f3970ba7ac84f6352ed0d88015f7d688f4	Assets/audio/weapons/ppk/fireDistant-02.mp3
c4598d430feb1664afc1ecd48215c5e2f7354b40f6aa0c7f838fd79e4b5f4448	Assets/audio/weapons/ppk/fireDistant-03.mp3
b3aaac2a145d649f6f2cb161e6d293820eb329bcc8b65af1a585ba9090cffe66	Assets/audio/weapons/ppk/fireDistant-04.mp3
aad3269d76d9e415cf775c332af9fae9385854b4624948ee6fe9854a041ffacc	Assets/audio/weapons/pps43/fire-01.mp3
ac002fedf5ea2c1f4eb8a9b16f1afda7d8959a06915f8f15fe7e4227522e0a99	Assets/audio/weapons/pps43/fire-02.mp3
2adcfee546ecb5bb7e72d8df37c420f85aa4bf71a80d283e6c5d9b8b2babfc44	Assets/audio/weapons/pps43/fire-03.mp3
14382d8a81803deb4d3cd3f2cb4ee430d2c428e462ec6db645910f1bedf1578e	Assets/audio/weapons/pps43/fire-04.mp3
3608614f0e9c852279ff3de7288e0d16f3f56ec9051aa5da9aa952806dfaea40	Assets/audio/weapons/pps43/fire-05.mp3
c9e15e664f1d955dbd1c54f54954db4c4a41063004e17858f3b1b693540aeec6	Assets/audio/weapons/pps43/fire-06.mp3
6032336dfcac28fd296e0e204460cdbad5da2828a6cf09a6e43d740eea533330	Assets/audio/weapons/pps43/fire-07.mp3
834745a192e2d345363a53461b9ea66eee49e3a8ba9c69e6f73e96663aebcc6a	Assets/audio/weapons/pps43/fire-08.mp3
50a802ab50abf056b410af824d44079e16f9123d2e9ffc1efb527adb58755d5a	Assets/audio/weapons/pps43/fireDistant-01.mp3
89a74a0b82733260170984fe02057a01fcddc77becde80c231948594613a7b03	Assets/audio/weapons/pps43/fireDistant-02.mp3
208360fbbc92d26d646cb7599ee899f20ca59649d162859edac7bf3ca181680a	Assets/audio/weapons/pps43/fireDistant-03.mp3
a26e542c3859a206d17f47cc401b2c28ff19dc72345b7ed72e0b11097d15a575	Assets/audio/weapons/pps43/fireDistant-04.mp3
9781530d33701f305ba19704c8e1905266f6b137b720a02c7b62506269c493f7	Assets/audio/weapons/pps43/fireTail-01.mp3
904ce4ebf1283233f4cc2038362bd886f9e89ec364b8e047e743ff69690cc429	Assets/audio/weapons/pps43/fireTail-02.mp3
e5688c8f66af9c81ccd1d80cf0619e76ac8fe24ee2043fd5e115a8bb30784814	Assets/audio/weapons/pps43/fireTail-03.mp3
627f8d17c3dddfcf10eccef4075fc23b01e04ad89ba76e581e00227027e7c29e	Assets/audio/weapons/sten/fire-01.mp3
1fb75cae21e97ee5318eb2a6b977c463c63cd96ed60cb76153b2004226eb55e5	Assets/audio/weapons/sten/fire-02.mp3
f8d87a907a9c7d7a18cfbdc23a0f72745ff57d40932e61d9edae8af53af86712	Assets/audio/weapons/sten/fire-03.mp3
7b029f1700a1b91e04e571ec7c0efcf6df22c92a147bc762cc7cea16bea1d646	Assets/audio/weapons/sten/fire-04.mp3
dbc481fc39ca37f2bb1fd5d316d848b13e05406b51c28e761f2e90771fd8756b	Assets/audio/weapons/sten/fire-05.mp3
fef42677a623f0171f27340b172180e2d5e6f62078de1d2b2ba934f35b3053a5	Assets/audio/weapons/sten/fire-06.mp3
81fbdb576b7c181b6d23b94b953d819f1620036fd81fb8037b43703515fdb39a	Assets/audio/weapons/sten/fire-07.mp3
484144f5dfd747ee8ceb94ca3ec8fb021be0284599162e14f82b98172a2d7392	Assets/audio/weapons/sten/fire-08.mp3
5d421eda32f2ece9548fb9b4caa4e18e97e746596e0228493b7ce9cb39e560a3	Assets/audio/weapons/sten/fireDistant-01.mp3
6edfb307679695e7d233a943c441533feb4f86f047e537524142bfe5d3cc7505	Assets/audio/weapons/sten/fireDistant-02.mp3
f843e391bd795d091536e3b3da1cd81535aa23e55f3354a15a38c33520817442	Assets/audio/weapons/sten/fireDistant-03.mp3
d9134d569be75e2cb77b1928c92fd5c9d0525ece71c309803fb564447bf15fef	Assets/audio/weapons/sten/fireDistant-04.mp3
73c4ac30f91cab784f694595b23a2974a10f5c0d7664aa7dee337ec2cf3d9d58	Assets/audio/weapons/sten/fireTail-01.mp3
185de6c7ffee4cb46fefa93256cb8945151e8583e27ca1283b01bc4715860554	Assets/audio/weapons/sten/fireTail-02.mp3
18969cebabf9b45991911c4cec5508a0c0acf5df1905917357688a7cde47c8ac	Assets/audio/weapons/sten/fireTail-03.mp3
f1787fe267ab675dc6b1a1aa379f108964fced540248beb4b3c4429b43f5d26d	Assets/audio/weapons/stg44/fire-01.mp3
af1f56d7ec2d0d4d54177f97d8db9de3a549ee0cc2744da88fb0b3151e7c2b37	Assets/audio/weapons/stg44/fire-02.mp3
8cc5d82aa2fb56051d39fdb5f099362ca1527094de95cbc8029bc9971fed4626	Assets/audio/weapons/stg44/fire-03.mp3
56f63fb03a0ba42dd7a9cd7c4241da440e40e6a52fd20e0a7b1f64e131dff9b4	Assets/audio/weapons/stg44/fire-04.mp3
185a9b1ec7634b7d951549614607d49eafaa9921a2d57db32509e5b6a2f4af2c	Assets/audio/weapons/stg44/fire-05.mp3
4709e41c9ceb6ab3a253c2956ac686369f7940816ee8055e4fc9e355d701930f	Assets/audio/weapons/stg44/fire-06.mp3
146ec3efbb40906c67d12f8abd264cf6ddd9fef89c16350248170f2f83e53eae	Assets/audio/weapons/stg44/fire-07.mp3
0da78d5b46b53e27e0f7f506d82e930d6d9df8b5aaf7caee9e3db683c9059f4c	Assets/audio/weapons/stg44/fire-08.mp3
fad0873d34589e4ae1e367b7e45f53f987eb3e70fddd4ba6561e41e22ed40f1a	Assets/audio/weapons/stg44/fireDistant-01.mp3
d34114fed28cecec164b544777816c9e7b28212f67be99679d9727a157c42baf	Assets/audio/weapons/stg44/fireDistant-02.mp3
f41d7b8a53b040b287bcb8c63a52e3bf430325c80b987c4f9012e986d4a43fcb	Assets/audio/weapons/stg44/fireDistant-03.mp3
0a995d9c0436c84e249f4caf7f995e8abdff85aa918a842e2c90eb26878d67e5	Assets/audio/weapons/stg44/fireDistant-04.mp3
854bd4ddb33a28b3f4e225e6f150114406195105a25878bf2e91920739fdd696	Assets/audio/weapons/stg44/fireTail-01.mp3
30340db5b253154342a942cf85cecc16e0a799b494d27a4b7e3977e4b3be8c5f	Assets/audio/weapons/stg44/fireTail-02.mp3
f17d120515003debd80418f586b60c7ed928b5778f146ff02c20bf0ce6d86b85	Assets/audio/weapons/stg44/fireTail-03.mp3
22769105a6c7b9f24254ae98f4793c480ddfbccbe128d25560ba8cc3074d01a6	Assets/audio/weapons/svt40/fire-01.mp3
e75cd3ac3498424c0f2983a325f04d5452a08cad0c9851adceefa1064b4637d4	Assets/audio/weapons/svt40/fire-02.mp3
726534e33f6a14fbbcdbeb39d7f17fe4a128a13693c8a35ac64cf35ed0613577	Assets/audio/weapons/svt40/fire-03.mp3
76b4cc386896b88063bac54eb037182dcdb028a3fe20951ad7b734b74281b3f4	Assets/audio/weapons/svt40/fire-04.mp3
4b8773cfc03ce5d3da50115e469c719a7ef0ab61657e385034079a902c595d4b	Assets/audio/weapons/svt40/fire-05.mp3
94f919baf9a57ccf94b3db95b1fd6817f2d26b28e15261cdec8e69c7abe43080	Assets/audio/weapons/svt40/fire-06.mp3
b43d3d6057e61050a065141df79efaf8a23399d6268260e652bd332ba0504dc8	Assets/audio/weapons/svt40/fireDistant-01.mp3
20d526bd7008345fdcbe398cd2dcbb96fc851ac166034323300702da1077964a	Assets/audio/weapons/svt40/fireDistant-02.mp3
63e22da7dc9c4d7e4f2b89b61981f1e8eb84d6eddf59114938cda39497ede477	Assets/audio/weapons/svt40/fireDistant-03.mp3
08d7e0401a9ff783dd8a3c60cf0e5e73301eeae71452fe87dcace5323cdb08ab	Assets/audio/weapons/svt40/fireDistant-04.mp3
47450efdf6705ff25d4a35373a32087b98dc3ba93b8ebae2a9ae6e34f0d1e78f	Assets/audio/weapons/thompson/fire-01.mp3
bc4b1d0ed871b0287ecc7be54fed56502e93056a37d099af596d8ce165e96d05	Assets/audio/weapons/thompson/fire-02.mp3
9e8359166dc5bf2ce4f14c75f8883cc14a7ffe547be1c0d590ff6f0cd0a10b42	Assets/audio/weapons/thompson/fire-03.mp3
cdc2ed6e817bf635fe0bcb5409c51137759a2bc903ab2d14c3bfb47df770e3db	Assets/audio/weapons/thompson/fire-04.mp3
b786faff1b37b752ba44bad7c302bb020571d9f83e6bd44edfd79493c7fc837d	Assets/audio/weapons/thompson/fire-05.mp3
a67be2475f81642951019ab0c32a33fbf7e6f7872590152a605819ab78d89196	Assets/audio/weapons/thompson/fire-06.mp3
1d704d7a6c6f7d0359a78749f74a0ca318c71cc15290b9232e355d98903b2d63	Assets/audio/weapons/thompson/fire-07.mp3
35a50ede4d6b2e2142b3e8b182c224f2fb3191e850c929c2d397bdd1e67847d1	Assets/audio/weapons/thompson/fire-08.mp3
d23d1fbb6d9b3a05f7a871309dc2c73884756ca067a6995c273d96e48e3a9c2b	Assets/audio/weapons/thompson/fireDistant-01.mp3
6c68d5d29945388087599fa4b314576bc99653e418d6c26885562a3114ac687c	Assets/audio/weapons/thompson/fireDistant-02.mp3
ec123fd0023500750c110dc573f68fc45d01d63233bedb94d48a1a7364266711	Assets/audio/weapons/thompson/fireDistant-03.mp3
03069e2deb9b3bb027160e941523f16dd50e6dc46de73afc096bf1f9318e61a0	Assets/audio/weapons/thompson/fireDistant-04.mp3
73d088daa77cf37a4ae82090ae089831e40bd551a209db815e39c7e43bc02afe	Assets/audio/weapons/thompson/fireTail-01.mp3
cb044d0789736fd31135226ff89233f26b7d92dc9da08421b6f53206ad1d5534	Assets/audio/weapons/thompson/fireTail-02.mp3
24f381591daf2543b5657c15268eb040640a45f3002889f7acb784db234cb71e	Assets/audio/weapons/thompson/fireTail-03.mp3
d2f495e9b7309f6044c8fd5b225b80fb66f950a6ec3448dd0b37277511b20cc7	Assets/audio/weapons/tt33/fire-01.mp3
792f9bc5d1827b138f169194d3aac24dddc4c12d712c2805d6a44432c3780ab3	Assets/audio/weapons/tt33/fire-02.mp3
6df7f84c007b3b6764bc37f3a2d37c512ab2bc0472ee7fdad80ffc61654c7161	Assets/audio/weapons/tt33/fire-03.mp3
bb20d8b0c7adfe2f1db141030988fe55d83d519c78e1925108cfbbbc2151da29	Assets/audio/weapons/tt33/fire-04.mp3
c734c5f23168c4f0cab90a26d64e52e67a7a9d98429a6723a4a1ee5d9251be87	Assets/audio/weapons/tt33/fire-05.mp3
26e0a464a34ff638cbae4c6d6c39fc27629959c52e0cc2379863048dae0f3f3c	Assets/audio/weapons/tt33/fire-06.mp3
129bcc4660f6396f24c67a072bf090c125c21c2b0dd0875ede86b126b714f5e3	Assets/audio/weapons/tt33/fireDistant-01.mp3
924eaa72d5f65da13a7b62f23ac62a812b88806ae8888b97ddd3087d515c0625	Assets/audio/weapons/tt33/fireDistant-02.mp3
72df180fdcccc29a966a2c4fcecc4a364cbb166bd6998e537c49016b7fd070cf	Assets/audio/weapons/tt33/fireDistant-03.mp3
5987d1c193edf584cb8e73ecddab047d5310da2cf9275870a70fc7698b34fd94	Assets/audio/weapons/tt33/fireDistant-04.mp3
